disasterNumber,declarationType,declarationDate,declarationTitle,designatedArea
106,DR,1960-09-12 00:00:00+00:00,HURRICANE DONNA,Statewide
175,DR,1964-09-08 00:00:00+00:00,HURRICANE CLEO,Statewide
176,DR,1964-09-10 00:00:00+00:00,HURRICANE DORA,Statewide
209,DR,1965-09-14 00:00:00+00:00,HURRICANE BETSY,Monroe (County)
209,DR,1965-09-14 00:00:00+00:00,HURRICANE BETSY,Lee (County)
209,DR,1965-09-14 00:00:00+00:00,HURRICANE BETSY,Broward (County)
209,DR,1965-09-14 00:00:00+00:00,HURRICANE BETSY,St. Lucie (County)
209,DR,1965-09-14 00:00:00+00:00,HURRICANE BETSY,Martin (County)
209,DR,1965-09-14 00:00:00+00:00,HURRICANE BETSY,Collier (County)
209,DR,1965-09-14 00:00:00+00:00,HURRICANE BETSY,Dade (County)
209,DR,1965-09-14 00:00:00+00:00,HURRICANE BETSY,Glades (County)
209,DR,1965-09-14 00:00:00+00:00,HURRICANE BETSY,Hendry (County)
209,DR,1965-09-14 00:00:00+00:00,HURRICANE BETSY,Palm Beach (County)
252,DR,1968-11-07 00:00:00+00:00,HURRICANE GLADYS,Charlotte (County)
252,DR,1968-11-07 00:00:00+00:00,HURRICANE GLADYS,Pinellas (County)
252,DR,1968-11-07 00:00:00+00:00,HURRICANE GLADYS,Citrus (County)
252,DR,1968-11-07 00:00:00+00:00,HURRICANE GLADYS,Lee (County)
252,DR,1968-11-07 00:00:00+00:00,HURRICANE GLADYS,Duval (County)
252,DR,1968-11-07 00:00:00+00:00,HURRICANE GLADYS,St. Johns (County)
252,DR,1968-11-07 00:00:00+00:00,HURRICANE GLADYS,Hernando (County)
252,DR,1968-11-07 00:00:00+00:00,HURRICANE GLADYS,Pasco (County)
252,DR,1968-11-07 00:00:00+00:00,HURRICANE GLADYS,Manatee (County)
252,DR,1968-11-07 00:00:00+00:00,HURRICANE GLADYS,Marion (County)
252,DR,1968-11-07 00:00:00+00:00,HURRICANE GLADYS,Putnam (County)
252,DR,1968-11-07 00:00:00+00:00,HURRICANE GLADYS,Hillsborough (County)
252,DR,1968-11-07 00:00:00+00:00,HURRICANE GLADYS,Sarasota (County)
252,DR,1968-11-07 00:00:00+00:00,HURRICANE GLADYS,Sumter (County)
600,DR,1979-09-13 00:00:00+00:00,HURRICANE FREDERIC,Bay (County)
600,DR,1979-09-13 00:00:00+00:00,HURRICANE FREDERIC,Walton (County)
600,DR,1979-09-13 00:00:00+00:00,HURRICANE FREDERIC,Escambia (County)
600,DR,1979-09-13 00:00:00+00:00,HURRICANE FREDERIC,Santa Rosa (County)
600,DR,1979-09-13 00:00:00+00:00,HURRICANE FREDERIC,Okaloosa (County)
743,DR,1985-09-12 00:00:00+00:00,HURRICANE ELENA,Franklin (County)
743,DR,1985-09-12 00:00:00+00:00,HURRICANE ELENA,Levy (County)
743,DR,1985-09-12 00:00:00+00:00,HURRICANE ELENA,Pinellas (County)
743,DR,1985-09-12 00:00:00+00:00,HURRICANE ELENA,Manatee (County)
743,DR,1985-09-12 00:00:00+00:00,HURRICANE ELENA,Dixie (County)
743,DR,1985-09-12 00:00:00+00:00,HURRICANE ELENA,Wakulla (County)
743,DR,1985-09-12 00:00:00+00:00,HURRICANE ELENA,Hillsborough (County)
756,DR,1985-12-03 00:00:00+00:00,HURRICANE KATE,Jefferson (County)
756,DR,1985-12-03 00:00:00+00:00,HURRICANE KATE,Franklin (County)
756,DR,1985-12-03 00:00:00+00:00,HURRICANE KATE,Gulf (County)
756,DR,1985-12-03 00:00:00+00:00,HURRICANE KATE,Calhoun (County)
756,DR,1985-12-03 00:00:00+00:00,HURRICANE KATE,Leon (County)
756,DR,1985-12-03 00:00:00+00:00,HURRICANE KATE,Wakulla (County)
756,DR,1985-12-03 00:00:00+00:00,HURRICANE KATE,Gadsden (County)
756,DR,1985-12-03 00:00:00+00:00,HURRICANE KATE,Liberty (County)
955,DR,1992-08-24 00:00:00+00:00,HURRICANE ANDREW,Broward (County)
955,DR,1992-08-24 00:00:00+00:00,HURRICANE ANDREW,Collier (County)
955,DR,1992-08-24 00:00:00+00:00,HURRICANE ANDREW,Monroe (County)
955,DR,1992-08-24 00:00:00+00:00,HURRICANE ANDREW,Dade (County)
3116,EM,1995-08-03 00:00:00+00:00,HURRICANE ERIN,Statewide
1062,DR,1995-08-10 00:00:00+00:00,HURRICANE ERIN,Santa Rosa (County)
1062,DR,1995-08-10 00:00:00+00:00,HURRICANE ERIN,Brevard (County)
1062,DR,1995-08-10 00:00:00+00:00,HURRICANE ERIN,Escambia (County)
1062,DR,1995-08-10 00:00:00+00:00,HURRICANE ERIN,Bay (County)
1062,DR,1995-08-10 00:00:00+00:00,HURRICANE ERIN,Okaloosa (County)
1062,DR,1995-08-10 00:00:00+00:00,HURRICANE ERIN,Walton (County)
1069,DR,1995-10-04 00:00:00+00:00,HURRICANE OPAL,Gulf (County)
1069,DR,1995-10-04 00:00:00+00:00,HURRICANE OPAL,Collier (County)
1069,DR,1995-10-04 00:00:00+00:00,HURRICANE OPAL,Holmes (County)
1069,DR,1995-10-04 00:00:00+00:00,HURRICANE OPAL,Franklin (County)
1069,DR,1995-10-04 00:00:00+00:00,HURRICANE OPAL,Walton (County)
1069,DR,1995-10-04 00:00:00+00:00,HURRICANE OPAL,Okaloosa (County)
1069,DR,1995-10-04 00:00:00+00:00,HURRICANE OPAL,Jackson (County)
1069,DR,1995-10-04 00:00:00+00:00,HURRICANE OPAL,Lee (County)
1069,DR,1995-10-04 00:00:00+00:00,HURRICANE OPAL,Calhoun (County)
1069,DR,1995-10-04 00:00:00+00:00,HURRICANE OPAL,Escambia (County)
1069,DR,1995-10-04 00:00:00+00:00,HURRICANE OPAL,Wakulla (County)
1069,DR,1995-10-04 00:00:00+00:00,HURRICANE OPAL,Santa Rosa (County)
1069,DR,1995-10-04 00:00:00+00:00,HURRICANE OPAL,Bay (County)
1069,DR,1995-10-04 00:00:00+00:00,HURRICANE OPAL,Washington (County)
1069,DR,1995-10-04 00:00:00+00:00,HURRICANE OPAL,Taylor (County)
1241,DR,1998-09-04 00:00:00+00:00,HURRICANE EARL,Franklin (County)
1241,DR,1998-09-04 00:00:00+00:00,HURRICANE EARL,Wakulla (County)
1241,DR,1998-09-04 00:00:00+00:00,HURRICANE EARL,Gulf (County)
1241,DR,1998-09-04 00:00:00+00:00,HURRICANE EARL,Bay (County)
1241,DR,1998-09-04 00:00:00+00:00,HURRICANE EARL,Taylor (County)
1241,DR,1998-09-04 00:00:00+00:00,HURRICANE EARL,Dixie (County)
3131,EM,1998-09-25 00:00:00+00:00,HURRICANE GRORGES,Gulf (County)
3131,EM,1998-09-25 00:00:00+00:00,HURRICANE GRORGES,Pinellas (County)
3131,EM,1998-09-25 00:00:00+00:00,HURRICANE GRORGES,Jackson (County)
3131,EM,1998-09-25 00:00:00+00:00,HURRICANE GRORGES,Charlotte (County)
3131,EM,1998-09-25 00:00:00+00:00,HURRICANE GRORGES,Dade (County)
3131,EM,1998-09-25 00:00:00+00:00,HURRICANE GRORGES,Hillsborough (County)
3131,EM,1998-09-25 00:00:00+00:00,HURRICANE GRORGES,Santa Rosa (County)
3131,EM,1998-09-25 00:00:00+00:00,HURRICANE GRORGES,Washington (County)
3131,EM,1998-09-25 00:00:00+00:00,HURRICANE GRORGES,Palm Beach (County)
3131,EM,1998-09-25 00:00:00+00:00,HURRICANE GRORGES,Highlands (County)
3131,EM,1998-09-25 00:00:00+00:00,HURRICANE GRORGES,Broward (County)
3131,EM,1998-09-25 00:00:00+00:00,HURRICANE GRORGES,Bay (County)
3131,EM,1998-09-25 00:00:00+00:00,HURRICANE GRORGES,Walton (County)
3131,EM,1998-09-25 00:00:00+00:00,HURRICANE GRORGES,Okaloosa (County)
3131,EM,1998-09-25 00:00:00+00:00,HURRICANE GRORGES,Hernando (County)
3131,EM,1998-09-25 00:00:00+00:00,HURRICANE GRORGES,Hardee (County)
3131,EM,1998-09-25 00:00:00+00:00,HURRICANE GRORGES,Gadsden (County)
3131,EM,1998-09-25 00:00:00+00:00,HURRICANE GRORGES,DeSoto (County)
3131,EM,1998-09-25 00:00:00+00:00,HURRICANE GRORGES,Suwannee (County)
3131,EM,1998-09-25 00:00:00+00:00,HURRICANE GRORGES,Pasco (County)
3131,EM,1998-09-25 00:00:00+00:00,HURRICANE GRORGES,Liberty (County)
3131,EM,1998-09-25 00:00:00+00:00,HURRICANE GRORGES,Lee (County)
3131,EM,1998-09-25 00:00:00+00:00,HURRICANE GRORGES,Collier (County)
3131,EM,1998-09-25 00:00:00+00:00,HURRICANE GRORGES,Wakulla (County)
3131,EM,1998-09-25 00:00:00+00:00,HURRICANE GRORGES,Monroe (County)
3131,EM,1998-09-25 00:00:00+00:00,HURRICANE GRORGES,Hendry (County)
3131,EM,1998-09-25 00:00:00+00:00,HURRICANE GRORGES,Franklin (County)
3131,EM,1998-09-25 00:00:00+00:00,HURRICANE GRORGES,Manatee (County)
3131,EM,1998-09-25 00:00:00+00:00,HURRICANE GRORGES,Calhoun (County)
3131,EM,1998-09-25 00:00:00+00:00,HURRICANE GRORGES,Holmes (County)
3131,EM,1998-09-25 00:00:00+00:00,HURRICANE GRORGES,Glades (County)
3131,EM,1998-09-25 00:00:00+00:00,HURRICANE GRORGES,Escambia (County)
3131,EM,1998-09-25 00:00:00+00:00,HURRICANE GRORGES,Sarasota (County)
3131,EM,1998-09-25 00:00:00+00:00,HURRICANE GRORGES,Martin (County)
1249,DR,1998-09-28 00:00:00+00:00,HURRICANE GEORGES,Gulf (County)
1249,DR,1998-09-28 00:00:00+00:00,HURRICANE GEORGES,Bay (County)
1249,DR,1998-09-28 00:00:00+00:00,HURRICANE GEORGES,Gadsden (County)
1249,DR,1998-09-28 00:00:00+00:00,HURRICANE GEORGES,Liberty (County)
1249,DR,1998-09-28 00:00:00+00:00,HURRICANE GEORGES,Holmes (County)
1249,DR,1998-09-28 00:00:00+00:00,HURRICANE GEORGES,Santa Rosa (County)
1249,DR,1998-09-28 00:00:00+00:00,HURRICANE GEORGES,Monroe (County)
1249,DR,1998-09-28 00:00:00+00:00,HURRICANE GEORGES,Escambia (County)
1249,DR,1998-09-28 00:00:00+00:00,HURRICANE GEORGES,Jefferson (County)
1249,DR,1998-09-28 00:00:00+00:00,HURRICANE GEORGES,Suwannee (County)
1249,DR,1998-09-28 00:00:00+00:00,HURRICANE GEORGES,Columbia (County)
1249,DR,1998-09-28 00:00:00+00:00,HURRICANE GEORGES,Calhoun (County)
1249,DR,1998-09-28 00:00:00+00:00,HURRICANE GEORGES,Franklin (County)
1249,DR,1998-09-28 00:00:00+00:00,HURRICANE GEORGES,Okaloosa (County)
1249,DR,1998-09-28 00:00:00+00:00,HURRICANE GEORGES,Walton (County)
1249,DR,1998-09-28 00:00:00+00:00,HURRICANE GEORGES,Jackson (County)
1249,DR,1998-09-28 00:00:00+00:00,HURRICANE GEORGES,Washington (County)
3143,EM,1999-09-14 00:00:00+00:00,HURRICANE FLOYD EMERGENCY DECLARATIONS,St. Lucie (County)
3143,EM,1999-09-14 00:00:00+00:00,HURRICANE FLOYD EMERGENCY DECLARATIONS,Broward (County)
3143,EM,1999-09-14 00:00:00+00:00,HURRICANE FLOYD EMERGENCY DECLARATIONS,Martin (County)
3143,EM,1999-09-14 00:00:00+00:00,HURRICANE FLOYD EMERGENCY DECLARATIONS,Duval (County)
3143,EM,1999-09-14 00:00:00+00:00,HURRICANE FLOYD EMERGENCY DECLARATIONS,Brevard (County)
3143,EM,1999-09-14 00:00:00+00:00,HURRICANE FLOYD EMERGENCY DECLARATIONS,Palm Beach (County)
3143,EM,1999-09-14 00:00:00+00:00,HURRICANE FLOYD EMERGENCY DECLARATIONS,Flagler (County)
3143,EM,1999-09-14 00:00:00+00:00,HURRICANE FLOYD EMERGENCY DECLARATIONS,Dade (County)
3143,EM,1999-09-14 00:00:00+00:00,HURRICANE FLOYD EMERGENCY DECLARATIONS,Volusia (County)
3143,EM,1999-09-14 00:00:00+00:00,HURRICANE FLOYD EMERGENCY DECLARATIONS,Nassau (County)
3143,EM,1999-09-14 00:00:00+00:00,HURRICANE FLOYD EMERGENCY DECLARATIONS,Indian River (County)
3143,EM,1999-09-14 00:00:00+00:00,HURRICANE FLOYD EMERGENCY DECLARATIONS,St. Johns (County)
1300,DR,1999-09-22 00:00:00+00:00,HURRICANE FLOYD MAJOR DISASTER DECLARATIONS,Brevard (County)
1300,DR,1999-09-22 00:00:00+00:00,HURRICANE FLOYD MAJOR DISASTER DECLARATIONS,St. Johns (County)
1300,DR,1999-09-22 00:00:00+00:00,HURRICANE FLOYD MAJOR DISASTER DECLARATIONS,St. Lucie (County)
1300,DR,1999-09-22 00:00:00+00:00,HURRICANE FLOYD MAJOR DISASTER DECLARATIONS,Glades (County)
1300,DR,1999-09-22 00:00:00+00:00,HURRICANE FLOYD MAJOR DISASTER DECLARATIONS,Palm Beach (County)
1300,DR,1999-09-22 00:00:00+00:00,HURRICANE FLOYD MAJOR DISASTER DECLARATIONS,Indian River (County)
1300,DR,1999-09-22 00:00:00+00:00,HURRICANE FLOYD MAJOR DISASTER DECLARATIONS,Flagler (County)
1300,DR,1999-09-22 00:00:00+00:00,HURRICANE FLOYD MAJOR DISASTER DECLARATIONS,Martin (County)
1300,DR,1999-09-22 00:00:00+00:00,HURRICANE FLOYD MAJOR DISASTER DECLARATIONS,Volusia (County)
1300,DR,1999-09-22 00:00:00+00:00,HURRICANE FLOYD MAJOR DISASTER DECLARATIONS,Duval (County)
1300,DR,1999-09-22 00:00:00+00:00,HURRICANE FLOYD MAJOR DISASTER DECLARATIONS,Nassau (County)
1300,DR,1999-09-22 00:00:00+00:00,HURRICANE FLOYD MAJOR DISASTER DECLARATIONS,Highlands (County)
3150,EM,1999-10-15 00:00:00+00:00,TROPICAL STORM IRENE - FLORIDA,Orange (County)
3150,EM,1999-10-15 00:00:00+00:00,TROPICAL STORM IRENE - FLORIDA,Flagler (County)
3150,EM,1999-10-15 00:00:00+00:00,TROPICAL STORM IRENE - FLORIDA,Broward (County)
3150,EM,1999-10-15 00:00:00+00:00,TROPICAL STORM IRENE - FLORIDA,Osceola (County)
3150,EM,1999-10-15 00:00:00+00:00,TROPICAL STORM IRENE - FLORIDA,Lee (County)
3150,EM,1999-10-15 00:00:00+00:00,TROPICAL STORM IRENE - FLORIDA,DeSoto (County)
3150,EM,1999-10-15 00:00:00+00:00,TROPICAL STORM IRENE - FLORIDA,Pinellas (County)
3150,EM,1999-10-15 00:00:00+00:00,TROPICAL STORM IRENE - FLORIDA,Okeechobee (County)
3150,EM,1999-10-15 00:00:00+00:00,TROPICAL STORM IRENE - FLORIDA,Lake (County)
3150,EM,1999-10-15 00:00:00+00:00,TROPICAL STORM IRENE - FLORIDA,Palm Beach (County)
3150,EM,1999-10-15 00:00:00+00:00,TROPICAL STORM IRENE - FLORIDA,Martin (County)
3150,EM,1999-10-15 00:00:00+00:00,TROPICAL STORM IRENE - FLORIDA,Hillsborough (County)
3150,EM,1999-10-15 00:00:00+00:00,TROPICAL STORM IRENE - FLORIDA,St. Lucie (County)
3150,EM,1999-10-15 00:00:00+00:00,TROPICAL STORM IRENE - FLORIDA,Hendry (County)
3150,EM,1999-10-15 00:00:00+00:00,TROPICAL STORM IRENE - FLORIDA,Pasco (County)
3150,EM,1999-10-15 00:00:00+00:00,TROPICAL STORM IRENE - FLORIDA,Glades (County)
3150,EM,1999-10-15 00:00:00+00:00,TROPICAL STORM IRENE - FLORIDA,Monroe (County)
3150,EM,1999-10-15 00:00:00+00:00,TROPICAL STORM IRENE - FLORIDA,Volusia (County)
3150,EM,1999-10-15 00:00:00+00:00,TROPICAL STORM IRENE - FLORIDA,Collier (County)
3150,EM,1999-10-15 00:00:00+00:00,TROPICAL STORM IRENE - FLORIDA,Sarasota (County)
3150,EM,1999-10-15 00:00:00+00:00,TROPICAL STORM IRENE - FLORIDA,Indian River (County)
3150,EM,1999-10-15 00:00:00+00:00,TROPICAL STORM IRENE - FLORIDA,Charlotte (County)
3150,EM,1999-10-15 00:00:00+00:00,TROPICAL STORM IRENE - FLORIDA,Polk (County)
3150,EM,1999-10-15 00:00:00+00:00,TROPICAL STORM IRENE - FLORIDA,Highlands (County)
3150,EM,1999-10-15 00:00:00+00:00,TROPICAL STORM IRENE - FLORIDA,Brevard (County)
3150,EM,1999-10-15 00:00:00+00:00,TROPICAL STORM IRENE - FLORIDA,Dade (County)
3150,EM,1999-10-15 00:00:00+00:00,TROPICAL STORM IRENE - FLORIDA,Manatee (County)
3150,EM,1999-10-15 00:00:00+00:00,TROPICAL STORM IRENE - FLORIDA,Seminole (County)
3150,EM,1999-10-15 00:00:00+00:00,TROPICAL STORM IRENE - FLORIDA,Hardee (County)
1306,DR,1999-10-20 00:00:00+00:00,FL-HURRICANE IRENE-DR-REQ,Glades (County)
1306,DR,1999-10-20 00:00:00+00:00,FL-HURRICANE IRENE-DR-REQ,Dade (County)
1306,DR,1999-10-20 00:00:00+00:00,FL-HURRICANE IRENE-DR-REQ,Highlands (County)
1306,DR,1999-10-20 00:00:00+00:00,FL-HURRICANE IRENE-DR-REQ,Seminole (County)
1306,DR,1999-10-20 00:00:00+00:00,FL-HURRICANE IRENE-DR-REQ,Martin (County)
1306,DR,1999-10-20 00:00:00+00:00,FL-HURRICANE IRENE-DR-REQ,Okeechobee (County)
1306,DR,1999-10-20 00:00:00+00:00,FL-HURRICANE IRENE-DR-REQ,Monroe (County)
1306,DR,1999-10-20 00:00:00+00:00,FL-HURRICANE IRENE-DR-REQ,Palm Beach (County)
1306,DR,1999-10-20 00:00:00+00:00,FL-HURRICANE IRENE-DR-REQ,Polk (County)
1306,DR,1999-10-20 00:00:00+00:00,FL-HURRICANE IRENE-DR-REQ,Broward (County)
1306,DR,1999-10-20 00:00:00+00:00,FL-HURRICANE IRENE-DR-REQ,Orange (County)
1306,DR,1999-10-20 00:00:00+00:00,FL-HURRICANE IRENE-DR-REQ,Volusia (County)
1306,DR,1999-10-20 00:00:00+00:00,FL-HURRICANE IRENE-DR-REQ,Osceola (County)
1306,DR,1999-10-20 00:00:00+00:00,FL-HURRICANE IRENE-DR-REQ,Indian River (County)
1306,DR,1999-10-20 00:00:00+00:00,FL-HURRICANE IRENE-DR-REQ,Brevard (County)
1306,DR,1999-10-20 00:00:00+00:00,FL-HURRICANE IRENE-DR-REQ,Hendry (County)
1306,DR,1999-10-20 00:00:00+00:00,FL-HURRICANE IRENE-DR-REQ,Collier (County)
1306,DR,1999-10-20 00:00:00+00:00,FL-HURRICANE IRENE-DR-REQ,Flagler (County)
1306,DR,1999-10-20 00:00:00+00:00,FL-HURRICANE IRENE-DR-REQ,St. Lucie (County)
1539,DR,2004-08-13 00:00:00+00:00,TROPICAL STORM BONNIE AND HURRICANE CHARLEY,Franklin (County)
1539,DR,2004-08-13 00:00:00+00:00,TROPICAL STORM BONNIE AND HURRICANE CHARLEY,Wakulla (County)
1539,DR,2004-08-13 00:00:00+00:00,TROPICAL STORM BONNIE AND HURRICANE CHARLEY,Hendry (County)
1539,DR,2004-08-13 00:00:00+00:00,TROPICAL STORM BONNIE AND HURRICANE CHARLEY,Nassau (County)
1539,DR,2004-08-13 00:00:00+00:00,TROPICAL STORM BONNIE AND HURRICANE CHARLEY,Volusia (County)
1539,DR,2004-08-13 00:00:00+00:00,TROPICAL STORM BONNIE AND HURRICANE CHARLEY,Monroe (County)
1539,DR,2004-08-13 00:00:00+00:00,TROPICAL STORM BONNIE AND HURRICANE CHARLEY,Brevard (County)
1539,DR,2004-08-13 00:00:00+00:00,TROPICAL STORM BONNIE AND HURRICANE CHARLEY,Calhoun (County)
1539,DR,2004-08-13 00:00:00+00:00,TROPICAL STORM BONNIE AND HURRICANE CHARLEY,Citrus (County)
1539,DR,2004-08-13 00:00:00+00:00,TROPICAL STORM BONNIE AND HURRICANE CHARLEY,St. Lucie (County)
1539,DR,2004-08-13 00:00:00+00:00,TROPICAL STORM BONNIE AND HURRICANE CHARLEY,Duval (County)
1539,DR,2004-08-13 00:00:00+00:00,TROPICAL STORM BONNIE AND HURRICANE CHARLEY,Levy (County)
1539,DR,2004-08-13 00:00:00+00:00,TROPICAL STORM BONNIE AND HURRICANE CHARLEY,Glades (County)
1539,DR,2004-08-13 00:00:00+00:00,TROPICAL STORM BONNIE AND HURRICANE CHARLEY,Holmes (County)
1539,DR,2004-08-13 00:00:00+00:00,TROPICAL STORM BONNIE AND HURRICANE CHARLEY,Suwannee (County)
1539,DR,2004-08-13 00:00:00+00:00,TROPICAL STORM BONNIE AND HURRICANE CHARLEY,Gilchrist (County)
1539,DR,2004-08-13 00:00:00+00:00,TROPICAL STORM BONNIE AND HURRICANE CHARLEY,Lafayette (County)
1539,DR,2004-08-13 00:00:00+00:00,TROPICAL STORM BONNIE AND HURRICANE CHARLEY,Lake (County)
1539,DR,2004-08-13 00:00:00+00:00,TROPICAL STORM BONNIE AND HURRICANE CHARLEY,Collier (County)
1539,DR,2004-08-13 00:00:00+00:00,TROPICAL STORM BONNIE AND HURRICANE CHARLEY,Alachua (County)
1539,DR,2004-08-13 00:00:00+00:00,TROPICAL STORM BONNIE AND HURRICANE CHARLEY,Columbia (County)
1539,DR,2004-08-13 00:00:00+00:00,TROPICAL STORM BONNIE AND HURRICANE CHARLEY,Martin (County)
1539,DR,2004-08-13 00:00:00+00:00,TROPICAL STORM BONNIE AND HURRICANE CHARLEY,Santa Rosa (County)
1539,DR,2004-08-13 00:00:00+00:00,TROPICAL STORM BONNIE AND HURRICANE CHARLEY,Sarasota (County)
1539,DR,2004-08-13 00:00:00+00:00,TROPICAL STORM BONNIE AND HURRICANE CHARLEY,Baker (County)
1539,DR,2004-08-13 00:00:00+00:00,TROPICAL STORM BONNIE AND HURRICANE CHARLEY,Escambia (County)
1539,DR,2004-08-13 00:00:00+00:00,TROPICAL STORM BONNIE AND HURRICANE CHARLEY,Miami-Dade (County)
1539,DR,2004-08-13 00:00:00+00:00,TROPICAL STORM BONNIE AND HURRICANE CHARLEY,Charlotte (County)
1539,DR,2004-08-13 00:00:00+00:00,TROPICAL STORM BONNIE AND HURRICANE CHARLEY,Indian River (County)
1539,DR,2004-08-13 00:00:00+00:00,TROPICAL STORM BONNIE AND HURRICANE CHARLEY,Pasco (County)
1539,DR,2004-08-13 00:00:00+00:00,TROPICAL STORM BONNIE AND HURRICANE CHARLEY,Hillsborough (County)
1539,DR,2004-08-13 00:00:00+00:00,TROPICAL STORM BONNIE AND HURRICANE CHARLEY,Madison (County)
1539,DR,2004-08-13 00:00:00+00:00,TROPICAL STORM BONNIE AND HURRICANE CHARLEY,Flagler (County)
1539,DR,2004-08-13 00:00:00+00:00,TROPICAL STORM BONNIE AND HURRICANE CHARLEY,Taylor (County)
1539,DR,2004-08-13 00:00:00+00:00,TROPICAL STORM BONNIE AND HURRICANE CHARLEY,St. Johns (County)
1539,DR,2004-08-13 00:00:00+00:00,TROPICAL STORM BONNIE AND HURRICANE CHARLEY,Gulf (County)
1539,DR,2004-08-13 00:00:00+00:00,TROPICAL STORM BONNIE AND HURRICANE CHARLEY,Jefferson (County)
1539,DR,2004-08-13 00:00:00+00:00,TROPICAL STORM BONNIE AND HURRICANE CHARLEY,Liberty (County)
1539,DR,2004-08-13 00:00:00+00:00,TROPICAL STORM BONNIE AND HURRICANE CHARLEY,Okaloosa (County)
1539,DR,2004-08-13 00:00:00+00:00,TROPICAL STORM BONNIE AND HURRICANE CHARLEY,Union (County)
1539,DR,2004-08-13 00:00:00+00:00,TROPICAL STORM BONNIE AND HURRICANE CHARLEY,Hardee (County)
1539,DR,2004-08-13 00:00:00+00:00,TROPICAL STORM BONNIE AND HURRICANE CHARLEY,Seminole (County)
1539,DR,2004-08-13 00:00:00+00:00,TROPICAL STORM BONNIE AND HURRICANE CHARLEY,Bradford (County)
1539,DR,2004-08-13 00:00:00+00:00,TROPICAL STORM BONNIE AND HURRICANE CHARLEY,Gadsden (County)
1539,DR,2004-08-13 00:00:00+00:00,TROPICAL STORM BONNIE AND HURRICANE CHARLEY,Leon (County)
1539,DR,2004-08-13 00:00:00+00:00,TROPICAL STORM BONNIE AND HURRICANE CHARLEY,Putnam (County)
1539,DR,2004-08-13 00:00:00+00:00,TROPICAL STORM BONNIE AND HURRICANE CHARLEY,Walton (County)
1539,DR,2004-08-13 00:00:00+00:00,TROPICAL STORM BONNIE AND HURRICANE CHARLEY,Highlands (County)
1539,DR,2004-08-13 00:00:00+00:00,TROPICAL STORM BONNIE AND HURRICANE CHARLEY,Orange (County)
1539,DR,2004-08-13 00:00:00+00:00,TROPICAL STORM BONNIE AND HURRICANE CHARLEY,Okeechobee (County)
1539,DR,2004-08-13 00:00:00+00:00,TROPICAL STORM BONNIE AND HURRICANE CHARLEY,Bay (County)
1539,DR,2004-08-13 00:00:00+00:00,TROPICAL STORM BONNIE AND HURRICANE CHARLEY,Jackson (County)
1539,DR,2004-08-13 00:00:00+00:00,TROPICAL STORM BONNIE AND HURRICANE CHARLEY,Manatee (County)
1539,DR,2004-08-13 00:00:00+00:00,TROPICAL STORM BONNIE AND HURRICANE CHARLEY,Palm Beach (County)
1539,DR,2004-08-13 00:00:00+00:00,TROPICAL STORM BONNIE AND HURRICANE CHARLEY,DeSoto (County)
1539,DR,2004-08-13 00:00:00+00:00,TROPICAL STORM BONNIE AND HURRICANE CHARLEY,Broward (County)
1539,DR,2004-08-13 00:00:00+00:00,TROPICAL STORM BONNIE AND HURRICANE CHARLEY,Hamilton (County)
1539,DR,2004-08-13 00:00:00+00:00,TROPICAL STORM BONNIE AND HURRICANE CHARLEY,Lee (County)
1539,DR,2004-08-13 00:00:00+00:00,TROPICAL STORM BONNIE AND HURRICANE CHARLEY,Washington (County)
1539,DR,2004-08-13 00:00:00+00:00,TROPICAL STORM BONNIE AND HURRICANE CHARLEY,Dixie (County)
1539,DR,2004-08-13 00:00:00+00:00,TROPICAL STORM BONNIE AND HURRICANE CHARLEY,Osceola (County)
1539,DR,2004-08-13 00:00:00+00:00,TROPICAL STORM BONNIE AND HURRICANE CHARLEY,Pinellas (County)
1539,DR,2004-08-13 00:00:00+00:00,TROPICAL STORM BONNIE AND HURRICANE CHARLEY,Clay (County)
1539,DR,2004-08-13 00:00:00+00:00,TROPICAL STORM BONNIE AND HURRICANE CHARLEY,Hernando (County)
1539,DR,2004-08-13 00:00:00+00:00,TROPICAL STORM BONNIE AND HURRICANE CHARLEY,Marion (County)
1539,DR,2004-08-13 00:00:00+00:00,TROPICAL STORM BONNIE AND HURRICANE CHARLEY,Sumter (County)
1539,DR,2004-08-13 00:00:00+00:00,TROPICAL STORM BONNIE AND HURRICANE CHARLEY,Polk (County)
1545,DR,2004-09-04 00:00:00+00:00,HURRICANE FRANCES,Sarasota (County)
1545,DR,2004-09-04 00:00:00+00:00,HURRICANE FRANCES,Nassau (County)
1545,DR,2004-09-04 00:00:00+00:00,HURRICANE FRANCES,Okeechobee (County)
1545,DR,2004-09-04 00:00:00+00:00,HURRICANE FRANCES,St. Lucie (County)
1545,DR,2004-09-04 00:00:00+00:00,HURRICANE FRANCES,St. Johns (County)
1545,DR,2004-09-04 00:00:00+00:00,HURRICANE FRANCES,Miami-Dade (County)
1545,DR,2004-09-04 00:00:00+00:00,HURRICANE FRANCES,Levy (County)
1545,DR,2004-09-04 00:00:00+00:00,HURRICANE FRANCES,DeSoto (County)
1545,DR,2004-09-04 00:00:00+00:00,HURRICANE FRANCES,Putnam (County)
1545,DR,2004-09-04 00:00:00+00:00,HURRICANE FRANCES,Martin (County)
1545,DR,2004-09-04 00:00:00+00:00,HURRICANE FRANCES,Highlands (County)
1545,DR,2004-09-04 00:00:00+00:00,HURRICANE FRANCES,Dixie (County)
1545,DR,2004-09-04 00:00:00+00:00,HURRICANE FRANCES,Okaloosa (County)
1545,DR,2004-09-04 00:00:00+00:00,HURRICANE FRANCES,Gadsden (County)
1545,DR,2004-09-04 00:00:00+00:00,HURRICANE FRANCES,Franklin (County)
1545,DR,2004-09-04 00:00:00+00:00,HURRICANE FRANCES,Calhoun (County)
1545,DR,2004-09-04 00:00:00+00:00,HURRICANE FRANCES,Manatee (County)
1545,DR,2004-09-04 00:00:00+00:00,HURRICANE FRANCES,Sumter (County)
1545,DR,2004-09-04 00:00:00+00:00,HURRICANE FRANCES,Osceola (County)
1545,DR,2004-09-04 00:00:00+00:00,HURRICANE FRANCES,Hillsborough (County)
1545,DR,2004-09-04 00:00:00+00:00,HURRICANE FRANCES,Charlotte (County)
1545,DR,2004-09-04 00:00:00+00:00,HURRICANE FRANCES,Alachua (County)
1545,DR,2004-09-04 00:00:00+00:00,HURRICANE FRANCES,Taylor (County)
1545,DR,2004-09-04 00:00:00+00:00,HURRICANE FRANCES,Holmes (County)
1545,DR,2004-09-04 00:00:00+00:00,HURRICANE FRANCES,Lee (County)
1545,DR,2004-09-04 00:00:00+00:00,HURRICANE FRANCES,Hardee (County)
1545,DR,2004-09-04 00:00:00+00:00,HURRICANE FRANCES,Columbia (County)
1545,DR,2004-09-04 00:00:00+00:00,HURRICANE FRANCES,Brevard (County)
1545,DR,2004-09-04 00:00:00+00:00,HURRICANE FRANCES,Wakulla (County)
1545,DR,2004-09-04 00:00:00+00:00,HURRICANE FRANCES,Polk (County)
1545,DR,2004-09-04 00:00:00+00:00,HURRICANE FRANCES,Lafayette (County)
1545,DR,2004-09-04 00:00:00+00:00,HURRICANE FRANCES,Flagler (County)
1545,DR,2004-09-04 00:00:00+00:00,HURRICANE FRANCES,Leon (County)
1545,DR,2004-09-04 00:00:00+00:00,HURRICANE FRANCES,Gulf (County)
1545,DR,2004-09-04 00:00:00+00:00,HURRICANE FRANCES,Bay (County)
1545,DR,2004-09-04 00:00:00+00:00,HURRICANE FRANCES,Escambia (County)
1545,DR,2004-09-04 00:00:00+00:00,HURRICANE FRANCES,Pinellas (County)
1545,DR,2004-09-04 00:00:00+00:00,HURRICANE FRANCES,Volusia (County)
1545,DR,2004-09-04 00:00:00+00:00,HURRICANE FRANCES,Hendry (County)
1545,DR,2004-09-04 00:00:00+00:00,HURRICANE FRANCES,Duval (County)
1545,DR,2004-09-04 00:00:00+00:00,HURRICANE FRANCES,Washington (County)
1545,DR,2004-09-04 00:00:00+00:00,HURRICANE FRANCES,Liberty (County)
1545,DR,2004-09-04 00:00:00+00:00,HURRICANE FRANCES,Suwannee (County)
1545,DR,2004-09-04 00:00:00+00:00,HURRICANE FRANCES,Palm Beach (County)
1545,DR,2004-09-04 00:00:00+00:00,HURRICANE FRANCES,Lake (County)
1545,DR,2004-09-04 00:00:00+00:00,HURRICANE FRANCES,Glades (County)
1545,DR,2004-09-04 00:00:00+00:00,HURRICANE FRANCES,Clay (County)
1545,DR,2004-09-04 00:00:00+00:00,HURRICANE FRANCES,Bradford (County)
1545,DR,2004-09-04 00:00:00+00:00,HURRICANE FRANCES,Collier (County)
1545,DR,2004-09-04 00:00:00+00:00,HURRICANE FRANCES,Jefferson (County)
1545,DR,2004-09-04 00:00:00+00:00,HURRICANE FRANCES,Union (County)
1545,DR,2004-09-04 00:00:00+00:00,HURRICANE FRANCES,Monroe (County)
1545,DR,2004-09-04 00:00:00+00:00,HURRICANE FRANCES,Indian River (County)
1545,DR,2004-09-04 00:00:00+00:00,HURRICANE FRANCES,Pasco (County)
1545,DR,2004-09-04 00:00:00+00:00,HURRICANE FRANCES,Baker (County)
1545,DR,2004-09-04 00:00:00+00:00,HURRICANE FRANCES,Hernando (County)
1545,DR,2004-09-04 00:00:00+00:00,HURRICANE FRANCES,Hamilton (County)
1545,DR,2004-09-04 00:00:00+00:00,HURRICANE FRANCES,Santa Rosa (County)
1545,DR,2004-09-04 00:00:00+00:00,HURRICANE FRANCES,Walton (County)
1545,DR,2004-09-04 00:00:00+00:00,HURRICANE FRANCES,Citrus (County)
1545,DR,2004-09-04 00:00:00+00:00,HURRICANE FRANCES,Broward (County)
1545,DR,2004-09-04 00:00:00+00:00,HURRICANE FRANCES,Madison (County)
1545,DR,2004-09-04 00:00:00+00:00,HURRICANE FRANCES,Gilchrist (County)
1545,DR,2004-09-04 00:00:00+00:00,HURRICANE FRANCES,Marion (County)
1545,DR,2004-09-04 00:00:00+00:00,HURRICANE FRANCES,Orange (County)
1545,DR,2004-09-04 00:00:00+00:00,HURRICANE FRANCES,Seminole (County)
1545,DR,2004-09-04 00:00:00+00:00,HURRICANE FRANCES,Jackson (County)
1551,DR,2004-09-16 00:00:00+00:00,HURRICANE IVAN,Jackson (County)
1551,DR,2004-09-16 00:00:00+00:00,HURRICANE IVAN,Wakulla (County)
1551,DR,2004-09-16 00:00:00+00:00,HURRICANE IVAN,Washington (County)
1551,DR,2004-09-16 00:00:00+00:00,HURRICANE IVAN,Orange (County)
1551,DR,2004-09-16 00:00:00+00:00,HURRICANE IVAN,Martin (County)
1551,DR,2004-09-16 00:00:00+00:00,HURRICANE IVAN,Osceola (County)
1551,DR,2004-09-16 00:00:00+00:00,HURRICANE IVAN,Seminole (County)
1551,DR,2004-09-16 00:00:00+00:00,HURRICANE IVAN,Gulf (County)
1551,DR,2004-09-16 00:00:00+00:00,HURRICANE IVAN,Holmes (County)
1551,DR,2004-09-16 00:00:00+00:00,HURRICANE IVAN,Duval (County)
1551,DR,2004-09-16 00:00:00+00:00,HURRICANE IVAN,Brevard (County)
1551,DR,2004-09-16 00:00:00+00:00,HURRICANE IVAN,Leon (County)
1551,DR,2004-09-16 00:00:00+00:00,HURRICANE IVAN,Jefferson (County)
1551,DR,2004-09-16 00:00:00+00:00,HURRICANE IVAN,Liberty (County)
1551,DR,2004-09-16 00:00:00+00:00,HURRICANE IVAN,Okaloosa (County)
1551,DR,2004-09-16 00:00:00+00:00,HURRICANE IVAN,Palm Beach (County)
1551,DR,2004-09-16 00:00:00+00:00,HURRICANE IVAN,Santa Rosa (County)
1551,DR,2004-09-16 00:00:00+00:00,HURRICANE IVAN,Franklin (County)
1551,DR,2004-09-16 00:00:00+00:00,HURRICANE IVAN,St. Johns (County)
1551,DR,2004-09-16 00:00:00+00:00,HURRICANE IVAN,Escambia (County)
1551,DR,2004-09-16 00:00:00+00:00,HURRICANE IVAN,Pasco (County)
1551,DR,2004-09-16 00:00:00+00:00,HURRICANE IVAN,Highlands (County)
1551,DR,2004-09-16 00:00:00+00:00,HURRICANE IVAN,Levy (County)
1551,DR,2004-09-16 00:00:00+00:00,HURRICANE IVAN,Walton (County)
1551,DR,2004-09-16 00:00:00+00:00,HURRICANE IVAN,Bay (County)
1551,DR,2004-09-16 00:00:00+00:00,HURRICANE IVAN,Volusia (County)
1551,DR,2004-09-16 00:00:00+00:00,HURRICANE IVAN,Marion (County)
1551,DR,2004-09-16 00:00:00+00:00,HURRICANE IVAN,Sarasota (County)
1551,DR,2004-09-16 00:00:00+00:00,HURRICANE IVAN,Citrus (County)
1551,DR,2004-09-16 00:00:00+00:00,HURRICANE IVAN,Collier (County)
1551,DR,2004-09-16 00:00:00+00:00,HURRICANE IVAN,Monroe (County)
1551,DR,2004-09-16 00:00:00+00:00,HURRICANE IVAN,Lake (County)
1551,DR,2004-09-16 00:00:00+00:00,HURRICANE IVAN,Dixie (County)
1551,DR,2004-09-16 00:00:00+00:00,HURRICANE IVAN,Manatee (County)
1551,DR,2004-09-16 00:00:00+00:00,HURRICANE IVAN,St. Lucie (County)
1551,DR,2004-09-16 00:00:00+00:00,HURRICANE IVAN,Gadsden (County)
1551,DR,2004-09-16 00:00:00+00:00,HURRICANE IVAN,Taylor (County)
1551,DR,2004-09-16 00:00:00+00:00,HURRICANE IVAN,Clay (County)
1551,DR,2004-09-16 00:00:00+00:00,HURRICANE IVAN,Okeechobee (County)
1551,DR,2004-09-16 00:00:00+00:00,HURRICANE IVAN,Calhoun (County)
1551,DR,2004-09-16 00:00:00+00:00,HURRICANE IVAN,Lee (County)
1551,DR,2004-09-16 00:00:00+00:00,HURRICANE IVAN,Charlotte (County)
1551,DR,2004-09-16 00:00:00+00:00,HURRICANE IVAN,Flagler (County)
1551,DR,2004-09-16 00:00:00+00:00,HURRICANE IVAN,Polk (County)
1551,DR,2004-09-16 00:00:00+00:00,HURRICANE IVAN,Indian River (County)
1561,DR,2004-09-26 00:00:00+00:00,HURRICANE JEANNE,Marion (County)
1561,DR,2004-09-26 00:00:00+00:00,HURRICANE JEANNE,Hernando (County)
1561,DR,2004-09-26 00:00:00+00:00,HURRICANE JEANNE,Palm Beach (County)
1561,DR,2004-09-26 00:00:00+00:00,HURRICANE JEANNE,St. Johns (County)
1561,DR,2004-09-26 00:00:00+00:00,HURRICANE JEANNE,Martin (County)
1561,DR,2004-09-26 00:00:00+00:00,HURRICANE JEANNE,Highlands (County)
1561,DR,2004-09-26 00:00:00+00:00,HURRICANE JEANNE,Dixie (County)
1561,DR,2004-09-26 00:00:00+00:00,HURRICANE JEANNE,Alachua (County)
1561,DR,2004-09-26 00:00:00+00:00,HURRICANE JEANNE,Collier (County)
1561,DR,2004-09-26 00:00:00+00:00,HURRICANE JEANNE,Putnam (County)
1561,DR,2004-09-26 00:00:00+00:00,HURRICANE JEANNE,Osceola (County)
1561,DR,2004-09-26 00:00:00+00:00,HURRICANE JEANNE,Lafayette (County)
1561,DR,2004-09-26 00:00:00+00:00,HURRICANE JEANNE,Charlotte (County)
1561,DR,2004-09-26 00:00:00+00:00,HURRICANE JEANNE,St. Lucie (County)
1561,DR,2004-09-26 00:00:00+00:00,HURRICANE JEANNE,Volusia (County)
1561,DR,2004-09-26 00:00:00+00:00,HURRICANE JEANNE,Brevard (County)
1561,DR,2004-09-26 00:00:00+00:00,HURRICANE JEANNE,Hamilton (County)
1561,DR,2004-09-26 00:00:00+00:00,HURRICANE JEANNE,Glades (County)
1561,DR,2004-09-26 00:00:00+00:00,HURRICANE JEANNE,Polk (County)
1561,DR,2004-09-26 00:00:00+00:00,HURRICANE JEANNE,Orange (County)
1561,DR,2004-09-26 00:00:00+00:00,HURRICANE JEANNE,Seminole (County)
1561,DR,2004-09-26 00:00:00+00:00,HURRICANE JEANNE,Broward (County)
1561,DR,2004-09-26 00:00:00+00:00,HURRICANE JEANNE,Manatee (County)
1561,DR,2004-09-26 00:00:00+00:00,HURRICANE JEANNE,Clay (County)
1561,DR,2004-09-26 00:00:00+00:00,HURRICANE JEANNE,DeSoto (County)
1561,DR,2004-09-26 00:00:00+00:00,HURRICANE JEANNE,Miami-Dade (County)
1561,DR,2004-09-26 00:00:00+00:00,HURRICANE JEANNE,Leon (County)
1561,DR,2004-09-26 00:00:00+00:00,HURRICANE JEANNE,Sumter (County)
1561,DR,2004-09-26 00:00:00+00:00,HURRICANE JEANNE,Gilchrist (County)
1561,DR,2004-09-26 00:00:00+00:00,HURRICANE JEANNE,Lake (County)
1561,DR,2004-09-26 00:00:00+00:00,HURRICANE JEANNE,Hardee (County)
1561,DR,2004-09-26 00:00:00+00:00,HURRICANE JEANNE,Citrus (County)
1561,DR,2004-09-26 00:00:00+00:00,HURRICANE JEANNE,Wakulla (County)
1561,DR,2004-09-26 00:00:00+00:00,HURRICANE JEANNE,Okeechobee (County)
1561,DR,2004-09-26 00:00:00+00:00,HURRICANE JEANNE,Bradford (County)
1561,DR,2004-09-26 00:00:00+00:00,HURRICANE JEANNE,Hillsborough (County)
1561,DR,2004-09-26 00:00:00+00:00,HURRICANE JEANNE,Duval (County)
1561,DR,2004-09-26 00:00:00+00:00,HURRICANE JEANNE,Baker (County)
1561,DR,2004-09-26 00:00:00+00:00,HURRICANE JEANNE,Lee (County)
1561,DR,2004-09-26 00:00:00+00:00,HURRICANE JEANNE,Union (County)
1561,DR,2004-09-26 00:00:00+00:00,HURRICANE JEANNE,Nassau (County)
1561,DR,2004-09-26 00:00:00+00:00,HURRICANE JEANNE,Suwannee (County)
1561,DR,2004-09-26 00:00:00+00:00,HURRICANE JEANNE,Jefferson (County)
1561,DR,2004-09-26 00:00:00+00:00,HURRICANE JEANNE,Sarasota (County)
1561,DR,2004-09-26 00:00:00+00:00,HURRICANE JEANNE,Columbia (County)
1561,DR,2004-09-26 00:00:00+00:00,HURRICANE JEANNE,Indian River (County)
1561,DR,2004-09-26 00:00:00+00:00,HURRICANE JEANNE,Levy (County)
1561,DR,2004-09-26 00:00:00+00:00,HURRICANE JEANNE,Hendry (County)
1561,DR,2004-09-26 00:00:00+00:00,HURRICANE JEANNE,Taylor (County)
1561,DR,2004-09-26 00:00:00+00:00,HURRICANE JEANNE,Flagler (County)
1561,DR,2004-09-26 00:00:00+00:00,HURRICANE JEANNE,Madison (County)
1561,DR,2004-09-26 00:00:00+00:00,HURRICANE JEANNE,Pinellas (County)
1561,DR,2004-09-26 00:00:00+00:00,HURRICANE JEANNE,Pasco (County)
1595,DR,2005-07-10 00:00:00+00:00,HURRICANE DENNIS,Calhoun (County)
1595,DR,2005-07-10 00:00:00+00:00,HURRICANE DENNIS,Gadsden (County)
1595,DR,2005-07-10 00:00:00+00:00,HURRICANE DENNIS,Wakulla (County)
1595,DR,2005-07-10 00:00:00+00:00,HURRICANE DENNIS,Escambia (County)
1595,DR,2005-07-10 00:00:00+00:00,HURRICANE DENNIS,Jefferson (County)
1595,DR,2005-07-10 00:00:00+00:00,HURRICANE DENNIS,Gulf (County)
1595,DR,2005-07-10 00:00:00+00:00,HURRICANE DENNIS,Levy (County)
1595,DR,2005-07-10 00:00:00+00:00,HURRICANE DENNIS,Monroe (County)
1595,DR,2005-07-10 00:00:00+00:00,HURRICANE DENNIS,Dixie (County)
1595,DR,2005-07-10 00:00:00+00:00,HURRICANE DENNIS,Liberty (County)
1595,DR,2005-07-10 00:00:00+00:00,HURRICANE DENNIS,Santa Rosa (County)
1595,DR,2005-07-10 00:00:00+00:00,HURRICANE DENNIS,Taylor (County)
1595,DR,2005-07-10 00:00:00+00:00,HURRICANE DENNIS,Franklin (County)
1595,DR,2005-07-10 00:00:00+00:00,HURRICANE DENNIS,Jackson (County)
1595,DR,2005-07-10 00:00:00+00:00,HURRICANE DENNIS,Walton (County)
1595,DR,2005-07-10 00:00:00+00:00,HURRICANE DENNIS,Leon (County)
1595,DR,2005-07-10 00:00:00+00:00,HURRICANE DENNIS,Washington (County)
1595,DR,2005-07-10 00:00:00+00:00,HURRICANE DENNIS,Holmes (County)
1595,DR,2005-07-10 00:00:00+00:00,HURRICANE DENNIS,Okaloosa (County)
1595,DR,2005-07-10 00:00:00+00:00,HURRICANE DENNIS,Bay (County)
1602,DR,2005-08-28 00:00:00+00:00,HURRICANE KATRINA,Santa Rosa (County)
1602,DR,2005-08-28 00:00:00+00:00,HURRICANE KATRINA,Escambia (County)
1602,DR,2005-08-28 00:00:00+00:00,HURRICANE KATRINA,Miami-Dade (County)
1602,DR,2005-08-28 00:00:00+00:00,HURRICANE KATRINA,Bay (County)
1602,DR,2005-08-28 00:00:00+00:00,HURRICANE KATRINA,Gulf (County)
1602,DR,2005-08-28 00:00:00+00:00,HURRICANE KATRINA,Okaloosa (County)
1602,DR,2005-08-28 00:00:00+00:00,HURRICANE KATRINA,Monroe (County)
1602,DR,2005-08-28 00:00:00+00:00,HURRICANE KATRINA,Collier (County)
1602,DR,2005-08-28 00:00:00+00:00,HURRICANE KATRINA,Broward (County)
1602,DR,2005-08-28 00:00:00+00:00,HURRICANE KATRINA,Walton (County)
1602,DR,2005-08-28 00:00:00+00:00,HURRICANE KATRINA,Franklin (County)
3220,EM,2005-09-05 00:00:00+00:00,HURRICANE KATRINA EVACUATION,Broward (County)
3220,EM,2005-09-05 00:00:00+00:00,HURRICANE KATRINA EVACUATION,Bay (County)
3220,EM,2005-09-05 00:00:00+00:00,HURRICANE KATRINA EVACUATION,Hendry (County)
3220,EM,2005-09-05 00:00:00+00:00,HURRICANE KATRINA EVACUATION,Union (County)
3220,EM,2005-09-05 00:00:00+00:00,HURRICANE KATRINA EVACUATION,Gulf (County)
3220,EM,2005-09-05 00:00:00+00:00,HURRICANE KATRINA EVACUATION,Jackson (County)
3220,EM,2005-09-05 00:00:00+00:00,HURRICANE KATRINA EVACUATION,Collier (County)
3220,EM,2005-09-05 00:00:00+00:00,HURRICANE KATRINA EVACUATION,Gilchrist (County)
3220,EM,2005-09-05 00:00:00+00:00,HURRICANE KATRINA EVACUATION,Holmes (County)
3220,EM,2005-09-05 00:00:00+00:00,HURRICANE KATRINA EVACUATION,Leon (County)
3220,EM,2005-09-05 00:00:00+00:00,HURRICANE KATRINA EVACUATION,DeSoto (County)
3220,EM,2005-09-05 00:00:00+00:00,HURRICANE KATRINA EVACUATION,Alachua (County)
3220,EM,2005-09-05 00:00:00+00:00,HURRICANE KATRINA EVACUATION,Volusia (County)
3220,EM,2005-09-05 00:00:00+00:00,HURRICANE KATRINA EVACUATION,Okeechobee (County)
3220,EM,2005-09-05 00:00:00+00:00,HURRICANE KATRINA EVACUATION,Palm Beach (County)
3220,EM,2005-09-05 00:00:00+00:00,HURRICANE KATRINA EVACUATION,Escambia (County)
3220,EM,2005-09-05 00:00:00+00:00,HURRICANE KATRINA EVACUATION,Hillsborough (County)
3220,EM,2005-09-05 00:00:00+00:00,HURRICANE KATRINA EVACUATION,Nassau (County)
3220,EM,2005-09-05 00:00:00+00:00,HURRICANE KATRINA EVACUATION,Suwannee (County)
3220,EM,2005-09-05 00:00:00+00:00,HURRICANE KATRINA EVACUATION,Manatee (County)
3220,EM,2005-09-05 00:00:00+00:00,HURRICANE KATRINA EVACUATION,Monroe (County)
3220,EM,2005-09-05 00:00:00+00:00,HURRICANE KATRINA EVACUATION,Sarasota (County)
3220,EM,2005-09-05 00:00:00+00:00,HURRICANE KATRINA EVACUATION,Pasco (County)
3220,EM,2005-09-05 00:00:00+00:00,HURRICANE KATRINA EVACUATION,St. Johns (County)
3220,EM,2005-09-05 00:00:00+00:00,HURRICANE KATRINA EVACUATION,Walton (County)
3220,EM,2005-09-05 00:00:00+00:00,HURRICANE KATRINA EVACUATION,Brevard (County)
3220,EM,2005-09-05 00:00:00+00:00,HURRICANE KATRINA EVACUATION,Duval (County)
3220,EM,2005-09-05 00:00:00+00:00,HURRICANE KATRINA EVACUATION,Indian River (County)
3220,EM,2005-09-05 00:00:00+00:00,HURRICANE KATRINA EVACUATION,Levy (County)
3220,EM,2005-09-05 00:00:00+00:00,HURRICANE KATRINA EVACUATION,Sumter (County)
3220,EM,2005-09-05 00:00:00+00:00,HURRICANE KATRINA EVACUATION,Clay (County)
3220,EM,2005-09-05 00:00:00+00:00,HURRICANE KATRINA EVACUATION,Gadsden (County)
3220,EM,2005-09-05 00:00:00+00:00,HURRICANE KATRINA EVACUATION,Flagler (County)
3220,EM,2005-09-05 00:00:00+00:00,HURRICANE KATRINA EVACUATION,Lake (County)
3220,EM,2005-09-05 00:00:00+00:00,HURRICANE KATRINA EVACUATION,Glades (County)
3220,EM,2005-09-05 00:00:00+00:00,HURRICANE KATRINA EVACUATION,Lee (County)
3220,EM,2005-09-05 00:00:00+00:00,HURRICANE KATRINA EVACUATION,Osceola (County)
3220,EM,2005-09-05 00:00:00+00:00,HURRICANE KATRINA EVACUATION,Wakulla (County)
3220,EM,2005-09-05 00:00:00+00:00,HURRICANE KATRINA EVACUATION,Citrus (County)
3220,EM,2005-09-05 00:00:00+00:00,HURRICANE KATRINA EVACUATION,Hamilton (County)
3220,EM,2005-09-05 00:00:00+00:00,HURRICANE KATRINA EVACUATION,Jefferson (County)
3220,EM,2005-09-05 00:00:00+00:00,HURRICANE KATRINA EVACUATION,Madison (County)
3220,EM,2005-09-05 00:00:00+00:00,HURRICANE KATRINA EVACUATION,Miami-Dade (County)
3220,EM,2005-09-05 00:00:00+00:00,HURRICANE KATRINA EVACUATION,Martin (County)
3220,EM,2005-09-05 00:00:00+00:00,HURRICANE KATRINA EVACUATION,Baker (County)
3220,EM,2005-09-05 00:00:00+00:00,HURRICANE KATRINA EVACUATION,Polk (County)
3220,EM,2005-09-05 00:00:00+00:00,HURRICANE KATRINA EVACUATION,Washington (County)
3220,EM,2005-09-05 00:00:00+00:00,HURRICANE KATRINA EVACUATION,Hardee (County)
3220,EM,2005-09-05 00:00:00+00:00,HURRICANE KATRINA EVACUATION,Lafayette (County)
3220,EM,2005-09-05 00:00:00+00:00,HURRICANE KATRINA EVACUATION,Marion (County)
3220,EM,2005-09-05 00:00:00+00:00,HURRICANE KATRINA EVACUATION,Seminole (County)
3220,EM,2005-09-05 00:00:00+00:00,HURRICANE KATRINA EVACUATION,St. Lucie (County)
3220,EM,2005-09-05 00:00:00+00:00,HURRICANE KATRINA EVACUATION,Bradford (County)
3220,EM,2005-09-05 00:00:00+00:00,HURRICANE KATRINA EVACUATION,Dixie (County)
3220,EM,2005-09-05 00:00:00+00:00,HURRICANE KATRINA EVACUATION,Highlands (County)
3220,EM,2005-09-05 00:00:00+00:00,HURRICANE KATRINA EVACUATION,Franklin (County)
3220,EM,2005-09-05 00:00:00+00:00,HURRICANE KATRINA EVACUATION,Hernando (County)
3220,EM,2005-09-05 00:00:00+00:00,HURRICANE KATRINA EVACUATION,Orange (County)
3220,EM,2005-09-05 00:00:00+00:00,HURRICANE KATRINA EVACUATION,Santa Rosa (County)
3220,EM,2005-09-05 00:00:00+00:00,HURRICANE KATRINA EVACUATION,Calhoun (County)
3220,EM,2005-09-05 00:00:00+00:00,HURRICANE KATRINA EVACUATION,Charlotte (County)
3220,EM,2005-09-05 00:00:00+00:00,HURRICANE KATRINA EVACUATION,Liberty (County)
3220,EM,2005-09-05 00:00:00+00:00,HURRICANE KATRINA EVACUATION,Okaloosa (County)
3220,EM,2005-09-05 00:00:00+00:00,HURRICANE KATRINA EVACUATION,Taylor (County)
3220,EM,2005-09-05 00:00:00+00:00,HURRICANE KATRINA EVACUATION,Pinellas (County)
3220,EM,2005-09-05 00:00:00+00:00,HURRICANE KATRINA EVACUATION,Columbia (County)
3220,EM,2005-09-05 00:00:00+00:00,HURRICANE KATRINA EVACUATION,Putnam (County)
3259,EM,2005-09-20 00:00:00+00:00,TROPICAL STORM RITA,Broward (County)
3259,EM,2005-09-20 00:00:00+00:00,TROPICAL STORM RITA,Monroe (County)
3259,EM,2005-09-20 00:00:00+00:00,TROPICAL STORM RITA,Miami-Dade (County)
3259,EM,2005-09-20 00:00:00+00:00,TROPICAL STORM RITA,Collier (County)
1609,DR,2005-10-24 00:00:00+00:00,HURRICANE WILMA,Brevard (County)
1609,DR,2005-10-24 00:00:00+00:00,HURRICANE WILMA,Hendry (County)
1609,DR,2005-10-24 00:00:00+00:00,HURRICANE WILMA,DeSoto (County)
1609,DR,2005-10-24 00:00:00+00:00,HURRICANE WILMA,Glades (County)
1609,DR,2005-10-24 00:00:00+00:00,HURRICANE WILMA,Charlotte (County)
1609,DR,2005-10-24 00:00:00+00:00,HURRICANE WILMA,Okeechobee (County)
1609,DR,2005-10-24 00:00:00+00:00,HURRICANE WILMA,Indian River (County)
1609,DR,2005-10-24 00:00:00+00:00,HURRICANE WILMA,Hardee (County)
1609,DR,2005-10-24 00:00:00+00:00,HURRICANE WILMA,Palm Beach (County)
1609,DR,2005-10-24 00:00:00+00:00,HURRICANE WILMA,Lee (County)
1609,DR,2005-10-24 00:00:00+00:00,HURRICANE WILMA,Highlands (County)
1609,DR,2005-10-24 00:00:00+00:00,HURRICANE WILMA,Miami-Dade (County)
1609,DR,2005-10-24 00:00:00+00:00,HURRICANE WILMA,Collier (County)
1609,DR,2005-10-24 00:00:00+00:00,HURRICANE WILMA,Sarasota (County)
1609,DR,2005-10-24 00:00:00+00:00,HURRICANE WILMA,Broward (County)
1609,DR,2005-10-24 00:00:00+00:00,HURRICANE WILMA,Osceola (County)
1609,DR,2005-10-24 00:00:00+00:00,HURRICANE WILMA,Martin (County)
1609,DR,2005-10-24 00:00:00+00:00,HURRICANE WILMA,St. Lucie (County)
1609,DR,2005-10-24 00:00:00+00:00,HURRICANE WILMA,Monroe (County)
1609,DR,2005-10-24 00:00:00+00:00,HURRICANE WILMA,Polk (County)
3293,EM,2008-09-07 00:00:00+00:00,HURRICANE IKE,Monroe (County)
1806,DR,2008-10-27 00:00:00+00:00,HURRICANE GUSTAV,Santa Rosa (County)
1806,DR,2008-10-27 00:00:00+00:00,HURRICANE GUSTAV,Gulf (County)
1806,DR,2008-10-27 00:00:00+00:00,HURRICANE GUSTAV,Okaloosa (County)
1806,DR,2008-10-27 00:00:00+00:00,HURRICANE GUSTAV,Bay (County)
1806,DR,2008-10-27 00:00:00+00:00,HURRICANE GUSTAV,Franklin (County)
1806,DR,2008-10-27 00:00:00+00:00,HURRICANE GUSTAV,Escambia (County)
4084,DR,2012-10-18 00:00:00+00:00,HURRICANE ISAAC,Escambia (County)
4084,DR,2012-10-18 00:00:00+00:00,HURRICANE ISAAC,St. Lucie (County)
4084,DR,2012-10-18 00:00:00+00:00,HURRICANE ISAAC,Okaloosa (County)
4084,DR,2012-10-18 00:00:00+00:00,HURRICANE ISAAC,Gulf (County)
4084,DR,2012-10-18 00:00:00+00:00,HURRICANE ISAAC,Martin (County)
4084,DR,2012-10-18 00:00:00+00:00,HURRICANE ISAAC,Bay (County)
4084,DR,2012-10-18 00:00:00+00:00,HURRICANE ISAAC,Franklin (County)
4084,DR,2012-10-18 00:00:00+00:00,HURRICANE ISAAC,Santa Rosa (County)
4084,DR,2012-10-18 00:00:00+00:00,HURRICANE ISAAC,Monroe (County)
4084,DR,2012-10-18 00:00:00+00:00,HURRICANE ISAAC,Palm Beach (County)
4084,DR,2012-10-18 00:00:00+00:00,HURRICANE ISAAC,Glades (County)
4084,DR,2012-10-18 00:00:00+00:00,HURRICANE ISAAC,Collier (County)
4280,DR,2016-09-28 00:00:00+00:00,HURRICANE HERMINE,Marion (County)
4280,DR,2016-09-28 00:00:00+00:00,HURRICANE HERMINE,Levy (County)
4280,DR,2016-09-28 00:00:00+00:00,HURRICANE HERMINE,Gadsden (County)
4280,DR,2016-09-28 00:00:00+00:00,HURRICANE HERMINE,Dixie (County)
4280,DR,2016-09-28 00:00:00+00:00,HURRICANE HERMINE,Alachua (County)
4280,DR,2016-09-28 00:00:00+00:00,HURRICANE HERMINE,Sumter (County)
4280,DR,2016-09-28 00:00:00+00:00,HURRICANE HERMINE,Wakulla (County)
4280,DR,2016-09-28 00:00:00+00:00,HURRICANE HERMINE,Pinellas (County)
4280,DR,2016-09-28 00:00:00+00:00,HURRICANE HERMINE,Pasco (County)
4280,DR,2016-09-28 00:00:00+00:00,HURRICANE HERMINE,Suwannee (County)
4280,DR,2016-09-28 00:00:00+00:00,HURRICANE HERMINE,Franklin (County)
4280,DR,2016-09-28 00:00:00+00:00,HURRICANE HERMINE,Hillsborough (County)
4280,DR,2016-09-28 00:00:00+00:00,HURRICANE HERMINE,Sarasota (County)
4280,DR,2016-09-28 00:00:00+00:00,HURRICANE HERMINE,Manatee (County)
4280,DR,2016-09-28 00:00:00+00:00,HURRICANE HERMINE,Hernando (County)
4280,DR,2016-09-28 00:00:00+00:00,HURRICANE HERMINE,Madison (County)
4280,DR,2016-09-28 00:00:00+00:00,HURRICANE HERMINE,Baker (County)
4280,DR,2016-09-28 00:00:00+00:00,HURRICANE HERMINE,Columbia (County)
4280,DR,2016-09-28 00:00:00+00:00,HURRICANE HERMINE,Taylor (County)
4280,DR,2016-09-28 00:00:00+00:00,HURRICANE HERMINE,Leon (County)
4280,DR,2016-09-28 00:00:00+00:00,HURRICANE HERMINE,Jefferson (County)
4280,DR,2016-09-28 00:00:00+00:00,HURRICANE HERMINE,Union (County)
4280,DR,2016-09-28 00:00:00+00:00,HURRICANE HERMINE,Gilchrist (County)
4280,DR,2016-09-28 00:00:00+00:00,HURRICANE HERMINE,Lafayette (County)
4280,DR,2016-09-28 00:00:00+00:00,HURRICANE HERMINE,Citrus (County)
4280,DR,2016-09-28 00:00:00+00:00,HURRICANE HERMINE,Liberty (County)
3377,EM,2016-10-06 00:00:00+00:00,HURRICANE MATTHEW,St. Lucie (County)
3377,EM,2016-10-06 00:00:00+00:00,HURRICANE MATTHEW,Polk (County)
3377,EM,2016-10-06 00:00:00+00:00,HURRICANE MATTHEW,Indian River (County)
3377,EM,2016-10-06 00:00:00+00:00,HURRICANE MATTHEW,Hendry (County)
3377,EM,2016-10-06 00:00:00+00:00,HURRICANE MATTHEW,Broward (County)
3377,EM,2016-10-06 00:00:00+00:00,HURRICANE MATTHEW,Glades (County)
3377,EM,2016-10-06 00:00:00+00:00,HURRICANE MATTHEW,Lake (County)
3377,EM,2016-10-06 00:00:00+00:00,HURRICANE MATTHEW,Osceola (County)
3377,EM,2016-10-06 00:00:00+00:00,HURRICANE MATTHEW,Volusia (County)
3377,EM,2016-10-06 00:00:00+00:00,HURRICANE MATTHEW,Duval (County)
3377,EM,2016-10-06 00:00:00+00:00,HURRICANE MATTHEW,Highlands (County)
3377,EM,2016-10-06 00:00:00+00:00,HURRICANE MATTHEW,Brevard (County)
3377,EM,2016-10-06 00:00:00+00:00,HURRICANE MATTHEW,Baker (County)
3377,EM,2016-10-06 00:00:00+00:00,HURRICANE MATTHEW,Monroe (County)
3377,EM,2016-10-06 00:00:00+00:00,HURRICANE MATTHEW,Martin (County)
3377,EM,2016-10-06 00:00:00+00:00,HURRICANE MATTHEW,Orange (County)
3377,EM,2016-10-06 00:00:00+00:00,HURRICANE MATTHEW,Palm Beach (County)
3377,EM,2016-10-06 00:00:00+00:00,HURRICANE MATTHEW,Citrus (County)
3377,EM,2016-10-06 00:00:00+00:00,HURRICANE MATTHEW,Hernando (County)
3377,EM,2016-10-06 00:00:00+00:00,HURRICANE MATTHEW,Nassau (County)
3377,EM,2016-10-06 00:00:00+00:00,HURRICANE MATTHEW,Clay (County)
3377,EM,2016-10-06 00:00:00+00:00,HURRICANE MATTHEW,Marion (County)
3377,EM,2016-10-06 00:00:00+00:00,HURRICANE MATTHEW,St. Johns (County)
3377,EM,2016-10-06 00:00:00+00:00,HURRICANE MATTHEW,Flagler (County)
3377,EM,2016-10-06 00:00:00+00:00,HURRICANE MATTHEW,Miami-Dade (County)
3377,EM,2016-10-06 00:00:00+00:00,HURRICANE MATTHEW,Okeechobee (County)
3377,EM,2016-10-06 00:00:00+00:00,HURRICANE MATTHEW,Putnam (County)
3377,EM,2016-10-06 00:00:00+00:00,HURRICANE MATTHEW,Seminole (County)
4283,DR,2016-10-08 00:00:00+00:00,HURRICANE MATTHEW,Brevard (County)
4283,DR,2016-10-08 00:00:00+00:00,HURRICANE MATTHEW,Flagler (County)
4283,DR,2016-10-08 00:00:00+00:00,HURRICANE MATTHEW,Lake (County)
4283,DR,2016-10-08 00:00:00+00:00,HURRICANE MATTHEW,Osceola (County)
4283,DR,2016-10-08 00:00:00+00:00,HURRICANE MATTHEW,Bradford (County)
4283,DR,2016-10-08 00:00:00+00:00,HURRICANE MATTHEW,Volusia (County)
4283,DR,2016-10-08 00:00:00+00:00,HURRICANE MATTHEW,Orange (County)
4283,DR,2016-10-08 00:00:00+00:00,HURRICANE MATTHEW,Clay (County)
4283,DR,2016-10-08 00:00:00+00:00,HURRICANE MATTHEW,Duval (County)
4283,DR,2016-10-08 00:00:00+00:00,HURRICANE MATTHEW,Nassau (County)
4283,DR,2016-10-08 00:00:00+00:00,HURRICANE MATTHEW,St. Johns (County)
4283,DR,2016-10-08 00:00:00+00:00,HURRICANE MATTHEW,Seminole (County)
4283,DR,2016-10-08 00:00:00+00:00,HURRICANE MATTHEW,Martin (County)
4283,DR,2016-10-08 00:00:00+00:00,HURRICANE MATTHEW,Broward (County)
4283,DR,2016-10-08 00:00:00+00:00,HURRICANE MATTHEW,Palm Beach (County)
4283,DR,2016-10-08 00:00:00+00:00,HURRICANE MATTHEW,Putnam (County)
4283,DR,2016-10-08 00:00:00+00:00,HURRICANE MATTHEW,St. Lucie (County)
4283,DR,2016-10-08 00:00:00+00:00,HURRICANE MATTHEW,Indian River (County)
3385,EM,2017-09-05 00:00:00+00:00,HURRICANE IRMA,Pinellas (County)
3385,EM,2017-09-05 00:00:00+00:00,HURRICANE IRMA,Manatee (County)
3385,EM,2017-09-05 00:00:00+00:00,HURRICANE IRMA,Okeechobee (County)
3385,EM,2017-09-05 00:00:00+00:00,HURRICANE IRMA,Seminole (County)
3385,EM,2017-09-05 00:00:00+00:00,HURRICANE IRMA,Baker (County)
3385,EM,2017-09-05 00:00:00+00:00,HURRICANE IRMA,Gilchrist (County)
3385,EM,2017-09-05 00:00:00+00:00,HURRICANE IRMA,Holmes (County)
3385,EM,2017-09-05 00:00:00+00:00,HURRICANE IRMA,Madison (County)
3385,EM,2017-09-05 00:00:00+00:00,HURRICANE IRMA,Nassau (County)
3385,EM,2017-09-05 00:00:00+00:00,HURRICANE IRMA,Palm Beach (County)
3385,EM,2017-09-05 00:00:00+00:00,HURRICANE IRMA,St. Johns (County)
3385,EM,2017-09-05 00:00:00+00:00,HURRICANE IRMA,Union (County)
3385,EM,2017-09-05 00:00:00+00:00,HURRICANE IRMA,Dixie (County)
3385,EM,2017-09-05 00:00:00+00:00,HURRICANE IRMA,Lafayette (County)
3385,EM,2017-09-05 00:00:00+00:00,HURRICANE IRMA,Miami-Dade (County)
3385,EM,2017-09-05 00:00:00+00:00,HURRICANE IRMA,Walton (County)
3385,EM,2017-09-05 00:00:00+00:00,HURRICANE IRMA,Charlotte (County)
3385,EM,2017-09-05 00:00:00+00:00,HURRICANE IRMA,Flagler (County)
3385,EM,2017-09-05 00:00:00+00:00,HURRICANE IRMA,Hernando (County)
3385,EM,2017-09-05 00:00:00+00:00,HURRICANE IRMA,Highlands (County)
3385,EM,2017-09-05 00:00:00+00:00,HURRICANE IRMA,Leon (County)
3385,EM,2017-09-05 00:00:00+00:00,HURRICANE IRMA,Sumter (County)
3385,EM,2017-09-05 00:00:00+00:00,HURRICANE IRMA,Alachua (County)
3385,EM,2017-09-05 00:00:00+00:00,HURRICANE IRMA,Collier (County)
3385,EM,2017-09-05 00:00:00+00:00,HURRICANE IRMA,Gadsden (County)
3385,EM,2017-09-05 00:00:00+00:00,HURRICANE IRMA,Hillsborough (County)
3385,EM,2017-09-05 00:00:00+00:00,HURRICANE IRMA,Liberty (County)
3385,EM,2017-09-05 00:00:00+00:00,HURRICANE IRMA,Monroe (County)
3385,EM,2017-09-05 00:00:00+00:00,HURRICANE IRMA,Osceola (County)
3385,EM,2017-09-05 00:00:00+00:00,HURRICANE IRMA,Putnam (County)
3385,EM,2017-09-05 00:00:00+00:00,HURRICANE IRMA,Suwannee (County)
3385,EM,2017-09-05 00:00:00+00:00,HURRICANE IRMA,Lee (County)
3385,EM,2017-09-05 00:00:00+00:00,HURRICANE IRMA,Taylor (County)
3385,EM,2017-09-05 00:00:00+00:00,HURRICANE IRMA,Hendry (County)
3385,EM,2017-09-05 00:00:00+00:00,HURRICANE IRMA,Calhoun (County)
3385,EM,2017-09-05 00:00:00+00:00,HURRICANE IRMA,Columbia (County)
3385,EM,2017-09-05 00:00:00+00:00,HURRICANE IRMA,Glades (County)
3385,EM,2017-09-05 00:00:00+00:00,HURRICANE IRMA,Indian River (County)
3385,EM,2017-09-05 00:00:00+00:00,HURRICANE IRMA,Okaloosa (County)
3385,EM,2017-09-05 00:00:00+00:00,HURRICANE IRMA,Volusia (County)
3385,EM,2017-09-05 00:00:00+00:00,HURRICANE IRMA,Levy (County)
3385,EM,2017-09-05 00:00:00+00:00,HURRICANE IRMA,Franklin (County)
3385,EM,2017-09-05 00:00:00+00:00,HURRICANE IRMA,Clay (County)
3385,EM,2017-09-05 00:00:00+00:00,HURRICANE IRMA,Citrus (County)
3385,EM,2017-09-05 00:00:00+00:00,HURRICANE IRMA,Washington (County)
3385,EM,2017-09-05 00:00:00+00:00,HURRICANE IRMA,Sarasota (County)
3385,EM,2017-09-05 00:00:00+00:00,HURRICANE IRMA,Lake (County)
3385,EM,2017-09-05 00:00:00+00:00,HURRICANE IRMA,Hardee (County)
3385,EM,2017-09-05 00:00:00+00:00,HURRICANE IRMA,Duval (County)
3385,EM,2017-09-05 00:00:00+00:00,HURRICANE IRMA,Broward (County)
3385,EM,2017-09-05 00:00:00+00:00,HURRICANE IRMA,Bradford (County)
3385,EM,2017-09-05 00:00:00+00:00,HURRICANE IRMA,DeSoto (County)
3385,EM,2017-09-05 00:00:00+00:00,HURRICANE IRMA,Gulf (County)
3385,EM,2017-09-05 00:00:00+00:00,HURRICANE IRMA,Jackson (County)
3385,EM,2017-09-05 00:00:00+00:00,HURRICANE IRMA,Marion (County)
3385,EM,2017-09-05 00:00:00+00:00,HURRICANE IRMA,Orange (County)
3385,EM,2017-09-05 00:00:00+00:00,HURRICANE IRMA,Pasco (County)
3385,EM,2017-09-05 00:00:00+00:00,HURRICANE IRMA,St. Lucie (County)
3385,EM,2017-09-05 00:00:00+00:00,HURRICANE IRMA,Wakulla (County)
3385,EM,2017-09-05 00:00:00+00:00,HURRICANE IRMA,Brevard (County)
3385,EM,2017-09-05 00:00:00+00:00,HURRICANE IRMA,Hamilton (County)
3385,EM,2017-09-05 00:00:00+00:00,HURRICANE IRMA,Jefferson (County)
3385,EM,2017-09-05 00:00:00+00:00,HURRICANE IRMA,Martin (County)
3385,EM,2017-09-05 00:00:00+00:00,HURRICANE IRMA,Santa Rosa (County)
3385,EM,2017-09-05 00:00:00+00:00,HURRICANE IRMA,Escambia (County)
3385,EM,2017-09-05 00:00:00+00:00,HURRICANE IRMA,Bay (County)
3385,EM,2017-09-05 00:00:00+00:00,HURRICANE IRMA,Polk (County)
3388,EM,2017-09-08 00:00:00+00:00,HURRICANE IRMA,Hollywood Indian Reservation
4337,DR,2017-09-10 00:00:00+00:00,HURRICANE IRMA,Liberty (County)
4337,DR,2017-09-10 00:00:00+00:00,HURRICANE IRMA,Lee (County)
4337,DR,2017-09-10 00:00:00+00:00,HURRICANE IRMA,Columbia (County)
4337,DR,2017-09-10 00:00:00+00:00,HURRICANE IRMA,Holmes (County)
4337,DR,2017-09-10 00:00:00+00:00,HURRICANE IRMA,Pinellas (County)
4337,DR,2017-09-10 00:00:00+00:00,HURRICANE IRMA,Martin (County)
4337,DR,2017-09-10 00:00:00+00:00,HURRICANE IRMA,Highlands (County)
4337,DR,2017-09-10 00:00:00+00:00,HURRICANE IRMA,Duval (County)
4337,DR,2017-09-10 00:00:00+00:00,HURRICANE IRMA,Baker (County)
4337,DR,2017-09-10 00:00:00+00:00,HURRICANE IRMA,Wakulla (County)
4337,DR,2017-09-10 00:00:00+00:00,HURRICANE IRMA,Franklin (County)
4337,DR,2017-09-10 00:00:00+00:00,HURRICANE IRMA,St. Lucie (County)
4337,DR,2017-09-10 00:00:00+00:00,HURRICANE IRMA,Miami-Dade (County)
4337,DR,2017-09-10 00:00:00+00:00,HURRICANE IRMA,Citrus (County)
4337,DR,2017-09-10 00:00:00+00:00,HURRICANE IRMA,Bradford (County)
4337,DR,2017-09-10 00:00:00+00:00,HURRICANE IRMA,Taylor (County)
4337,DR,2017-09-10 00:00:00+00:00,HURRICANE IRMA,Calhoun (County)
4337,DR,2017-09-10 00:00:00+00:00,HURRICANE IRMA,Marion (County)
4337,DR,2017-09-10 00:00:00+00:00,HURRICANE IRMA,Indian River (County)
4337,DR,2017-09-10 00:00:00+00:00,HURRICANE IRMA,Glades (County)
4337,DR,2017-09-10 00:00:00+00:00,HURRICANE IRMA,Broward (County)
4337,DR,2017-09-10 00:00:00+00:00,HURRICANE IRMA,Washington (County)
4337,DR,2017-09-10 00:00:00+00:00,HURRICANE IRMA,Santa Rosa (County)
4337,DR,2017-09-10 00:00:00+00:00,HURRICANE IRMA,Escambia (County)
4337,DR,2017-09-10 00:00:00+00:00,HURRICANE IRMA,Alachua (County)
4337,DR,2017-09-10 00:00:00+00:00,HURRICANE IRMA,Pasco (County)
4337,DR,2017-09-10 00:00:00+00:00,HURRICANE IRMA,Hendry (County)
4337,DR,2017-09-10 00:00:00+00:00,HURRICANE IRMA,Hamilton (County)
4337,DR,2017-09-10 00:00:00+00:00,HURRICANE IRMA,Charlotte (County)
4337,DR,2017-09-10 00:00:00+00:00,HURRICANE IRMA,Madison (County)
4337,DR,2017-09-10 00:00:00+00:00,HURRICANE IRMA,Okeechobee (County)
4337,DR,2017-09-10 00:00:00+00:00,HURRICANE IRMA,Putnam (County)
4337,DR,2017-09-10 00:00:00+00:00,HURRICANE IRMA,Gulf (County)
4337,DR,2017-09-10 00:00:00+00:00,HURRICANE IRMA,Gadsden (County)
4337,DR,2017-09-10 00:00:00+00:00,HURRICANE IRMA,Walton (County)
4337,DR,2017-09-10 00:00:00+00:00,HURRICANE IRMA,Brevard (County)
4337,DR,2017-09-10 00:00:00+00:00,HURRICANE IRMA,Gilchrist (County)
4337,DR,2017-09-10 00:00:00+00:00,HURRICANE IRMA,Hillsborough (County)
4337,DR,2017-09-10 00:00:00+00:00,HURRICANE IRMA,Bay (County)
4337,DR,2017-09-10 00:00:00+00:00,HURRICANE IRMA,Sumter (County)
4337,DR,2017-09-10 00:00:00+00:00,HURRICANE IRMA,Volusia (County)
4337,DR,2017-09-10 00:00:00+00:00,HURRICANE IRMA,Palm Beach (County)
4337,DR,2017-09-10 00:00:00+00:00,HURRICANE IRMA,Lafayette (County)
4337,DR,2017-09-10 00:00:00+00:00,HURRICANE IRMA,Hernando (County)
4337,DR,2017-09-10 00:00:00+00:00,HURRICANE IRMA,Union (County)
4337,DR,2017-09-10 00:00:00+00:00,HURRICANE IRMA,Leon (County)
4337,DR,2017-09-10 00:00:00+00:00,HURRICANE IRMA,Orange (County)
4337,DR,2017-09-10 00:00:00+00:00,HURRICANE IRMA,Levy (County)
4337,DR,2017-09-10 00:00:00+00:00,HURRICANE IRMA,Collier (County)
4337,DR,2017-09-10 00:00:00+00:00,HURRICANE IRMA,Dixie (County)
4337,DR,2017-09-10 00:00:00+00:00,HURRICANE IRMA,Seminole (County)
4337,DR,2017-09-10 00:00:00+00:00,HURRICANE IRMA,DeSoto (County)
4337,DR,2017-09-10 00:00:00+00:00,HURRICANE IRMA,Flagler (County)
4337,DR,2017-09-10 00:00:00+00:00,HURRICANE IRMA,Manatee (County)
4337,DR,2017-09-10 00:00:00+00:00,HURRICANE IRMA,Osceola (County)
4337,DR,2017-09-10 00:00:00+00:00,HURRICANE IRMA,St. Johns (County)
4337,DR,2017-09-10 00:00:00+00:00,HURRICANE IRMA,Jefferson (County)
4337,DR,2017-09-10 00:00:00+00:00,HURRICANE IRMA,Suwannee (County)
4337,DR,2017-09-10 00:00:00+00:00,HURRICANE IRMA,Jackson (County)
4337,DR,2017-09-10 00:00:00+00:00,HURRICANE IRMA,Sarasota (County)
4337,DR,2017-09-10 00:00:00+00:00,HURRICANE IRMA,Clay (County)
4337,DR,2017-09-10 00:00:00+00:00,HURRICANE IRMA,Hardee (County)
4337,DR,2017-09-10 00:00:00+00:00,HURRICANE IRMA,Lake (County)
4337,DR,2017-09-10 00:00:00+00:00,HURRICANE IRMA,Nassau (County)
4337,DR,2017-09-10 00:00:00+00:00,HURRICANE IRMA,Polk (County)
4337,DR,2017-09-10 00:00:00+00:00,HURRICANE IRMA,Okaloosa (County)
4337,DR,2017-09-10 00:00:00+00:00,HURRICANE IRMA,Monroe (County)
4341,DR,2017-09-27 00:00:00+00:00,HURRICANE IRMA - SEMINOLE TRIBE OF FLORIDA,Big Cypress Indian Reservation
4341,DR,2017-09-27 00:00:00+00:00,HURRICANE IRMA - SEMINOLE TRIBE OF FLORIDA,Hollywood Indian Reservation
4341,DR,2017-09-27 00:00:00+00:00,HURRICANE IRMA - SEMINOLE TRIBE OF FLORIDA,Tampa Reservation
4341,DR,2017-09-27 00:00:00+00:00,HURRICANE IRMA - SEMINOLE TRIBE OF FLORIDA,Fort Pierce Indian Reservation
4341,DR,2017-09-27 00:00:00+00:00,HURRICANE IRMA - SEMINOLE TRIBE OF FLORIDA,Brighton Indian Reservation
4341,DR,2017-09-27 00:00:00+00:00,HURRICANE IRMA - SEMINOLE TRIBE OF FLORIDA,Immokalee Indian Reservation
3395,EM,2017-10-08 00:00:00+00:00,HURRICANE NATE,Santa Rosa (County)
3395,EM,2017-10-08 00:00:00+00:00,HURRICANE NATE,Escambia (County)
3405,EM,2018-10-09 00:00:00+00:00,HURRICANE MICHAEL,Manatee (County)
3405,EM,2018-10-09 00:00:00+00:00,HURRICANE MICHAEL,Hamilton (County)
3405,EM,2018-10-09 00:00:00+00:00,HURRICANE MICHAEL,Santa Rosa (County)
3405,EM,2018-10-09 00:00:00+00:00,HURRICANE MICHAEL,Baker (County)
3405,EM,2018-10-09 00:00:00+00:00,HURRICANE MICHAEL,Taylor (County)
3405,EM,2018-10-09 00:00:00+00:00,HURRICANE MICHAEL,Pinellas (County)
3405,EM,2018-10-09 00:00:00+00:00,HURRICANE MICHAEL,Jackson (County)
3405,EM,2018-10-09 00:00:00+00:00,HURRICANE MICHAEL,Alachua (County)
3405,EM,2018-10-09 00:00:00+00:00,HURRICANE MICHAEL,Franklin (County)
3405,EM,2018-10-09 00:00:00+00:00,HURRICANE MICHAEL,Levy (County)
3405,EM,2018-10-09 00:00:00+00:00,HURRICANE MICHAEL,Union (County)
3405,EM,2018-10-09 00:00:00+00:00,HURRICANE MICHAEL,Bradford (County)
3405,EM,2018-10-09 00:00:00+00:00,HURRICANE MICHAEL,Hillsborough (County)
3405,EM,2018-10-09 00:00:00+00:00,HURRICANE MICHAEL,Okaloosa (County)
3405,EM,2018-10-09 00:00:00+00:00,HURRICANE MICHAEL,Citrus (County)
3405,EM,2018-10-09 00:00:00+00:00,HURRICANE MICHAEL,Jefferson (County)
3405,EM,2018-10-09 00:00:00+00:00,HURRICANE MICHAEL,Hernando (County)
3405,EM,2018-10-09 00:00:00+00:00,HURRICANE MICHAEL,Gadsden (County)
3405,EM,2018-10-09 00:00:00+00:00,HURRICANE MICHAEL,Washington (County)
3405,EM,2018-10-09 00:00:00+00:00,HURRICANE MICHAEL,Wakulla (County)
3405,EM,2018-10-09 00:00:00+00:00,HURRICANE MICHAEL,Bay (County)
3405,EM,2018-10-09 00:00:00+00:00,HURRICANE MICHAEL,Madison (County)
3405,EM,2018-10-09 00:00:00+00:00,HURRICANE MICHAEL,Leon (County)
3405,EM,2018-10-09 00:00:00+00:00,HURRICANE MICHAEL,Escambia (County)
3405,EM,2018-10-09 00:00:00+00:00,HURRICANE MICHAEL,Pasco (County)
3405,EM,2018-10-09 00:00:00+00:00,HURRICANE MICHAEL,Liberty (County)
3405,EM,2018-10-09 00:00:00+00:00,HURRICANE MICHAEL,Calhoun (County)
3405,EM,2018-10-09 00:00:00+00:00,HURRICANE MICHAEL,Dixie (County)
3405,EM,2018-10-09 00:00:00+00:00,HURRICANE MICHAEL,Suwannee (County)
3405,EM,2018-10-09 00:00:00+00:00,HURRICANE MICHAEL,Lafayette (County)
3405,EM,2018-10-09 00:00:00+00:00,HURRICANE MICHAEL,Columbia (County)
3405,EM,2018-10-09 00:00:00+00:00,HURRICANE MICHAEL,Walton (County)
3405,EM,2018-10-09 00:00:00+00:00,HURRICANE MICHAEL,Holmes (County)
3405,EM,2018-10-09 00:00:00+00:00,HURRICANE MICHAEL,Gilchrist (County)
3405,EM,2018-10-09 00:00:00+00:00,HURRICANE MICHAEL,Gulf (County)
4399,DR,2018-10-11 00:00:00+00:00,HURRICANE MICHAEL,Leon (County)
4399,DR,2018-10-11 00:00:00+00:00,HURRICANE MICHAEL,Bay (County)
4399,DR,2018-10-11 00:00:00+00:00,HURRICANE MICHAEL,Liberty (County)
4399,DR,2018-10-11 00:00:00+00:00,HURRICANE MICHAEL,Gadsden (County)
4399,DR,2018-10-11 00:00:00+00:00,HURRICANE MICHAEL,Walton (County)
4399,DR,2018-10-11 00:00:00+00:00,HURRICANE MICHAEL,Taylor (County)
4399,DR,2018-10-11 00:00:00+00:00,HURRICANE MICHAEL,Jackson (County)
4399,DR,2018-10-11 00:00:00+00:00,HURRICANE MICHAEL,Gulf (County)
4399,DR,2018-10-11 00:00:00+00:00,HURRICANE MICHAEL,Hamilton (County)
4399,DR,2018-10-11 00:00:00+00:00,HURRICANE MICHAEL,Washington (County)
4399,DR,2018-10-11 00:00:00+00:00,HURRICANE MICHAEL,Franklin (County)
4399,DR,2018-10-11 00:00:00+00:00,HURRICANE MICHAEL,Madison (County)
4399,DR,2018-10-11 00:00:00+00:00,HURRICANE MICHAEL,Wakulla (County)
4399,DR,2018-10-11 00:00:00+00:00,HURRICANE MICHAEL,Suwannee (County)
4399,DR,2018-10-11 00:00:00+00:00,HURRICANE MICHAEL,Okaloosa (County)
4399,DR,2018-10-11 00:00:00+00:00,HURRICANE MICHAEL,Calhoun (County)
4399,DR,2018-10-11 00:00:00+00:00,HURRICANE MICHAEL,Jefferson (County)
4399,DR,2018-10-11 00:00:00+00:00,HURRICANE MICHAEL,Holmes (County)
3419,EM,2019-08-30 00:00:00+00:00,HURRICANE DORIAN,Bay (County)
3419,EM,2019-08-30 00:00:00+00:00,HURRICANE DORIAN,Seminole (County)
3419,EM,2019-08-30 00:00:00+00:00,HURRICANE DORIAN,Sarasota (County)
3419,EM,2019-08-30 00:00:00+00:00,HURRICANE DORIAN,Osceola (County)
3419,EM,2019-08-30 00:00:00+00:00,HURRICANE DORIAN,Leon (County)
3419,EM,2019-08-30 00:00:00+00:00,HURRICANE DORIAN,Monroe (County)
3419,EM,2019-08-30 00:00:00+00:00,HURRICANE DORIAN,Calhoun (County)
3419,EM,2019-08-30 00:00:00+00:00,HURRICANE DORIAN,Taylor (County)
3419,EM,2019-08-30 00:00:00+00:00,HURRICANE DORIAN,Columbia (County)
3419,EM,2019-08-30 00:00:00+00:00,HURRICANE DORIAN,Jackson (County)
3419,EM,2019-08-30 00:00:00+00:00,HURRICANE DORIAN,Glades (County)
3419,EM,2019-08-30 00:00:00+00:00,HURRICANE DORIAN,Baker (County)
3419,EM,2019-08-30 00:00:00+00:00,HURRICANE DORIAN,Hernando (County)
3419,EM,2019-08-30 00:00:00+00:00,HURRICANE DORIAN,Gulf (County)
3419,EM,2019-08-30 00:00:00+00:00,HURRICANE DORIAN,Putnam (County)
3419,EM,2019-08-30 00:00:00+00:00,HURRICANE DORIAN,Levy (County)
3419,EM,2019-08-30 00:00:00+00:00,HURRICANE DORIAN,Liberty (County)
3419,EM,2019-08-30 00:00:00+00:00,HURRICANE DORIAN,Nassau (County)
3419,EM,2019-08-30 00:00:00+00:00,HURRICANE DORIAN,Union (County)
3419,EM,2019-08-30 00:00:00+00:00,HURRICANE DORIAN,Broward (County)
3419,EM,2019-08-30 00:00:00+00:00,HURRICANE DORIAN,Duval (County)
3419,EM,2019-08-30 00:00:00+00:00,HURRICANE DORIAN,Escambia (County)
3419,EM,2019-08-30 00:00:00+00:00,HURRICANE DORIAN,Lee (County)
3419,EM,2019-08-30 00:00:00+00:00,HURRICANE DORIAN,Marion (County)
3419,EM,2019-08-30 00:00:00+00:00,HURRICANE DORIAN,Orange (County)
3419,EM,2019-08-30 00:00:00+00:00,HURRICANE DORIAN,Santa Rosa (County)
3419,EM,2019-08-30 00:00:00+00:00,HURRICANE DORIAN,Walton (County)
3419,EM,2019-08-30 00:00:00+00:00,HURRICANE DORIAN,Washington (County)
3419,EM,2019-08-30 00:00:00+00:00,HURRICANE DORIAN,Suwannee (County)
3419,EM,2019-08-30 00:00:00+00:00,HURRICANE DORIAN,Jefferson (County)
3419,EM,2019-08-30 00:00:00+00:00,HURRICANE DORIAN,Martin (County)
3419,EM,2019-08-30 00:00:00+00:00,HURRICANE DORIAN,Palm Beach (County)
3419,EM,2019-08-30 00:00:00+00:00,HURRICANE DORIAN,Flagler (County)
3419,EM,2019-08-30 00:00:00+00:00,HURRICANE DORIAN,Volusia (County)
3419,EM,2019-08-30 00:00:00+00:00,HURRICANE DORIAN,St. Johns (County)
3419,EM,2019-08-30 00:00:00+00:00,HURRICANE DORIAN,Okaloosa (County)
3419,EM,2019-08-30 00:00:00+00:00,HURRICANE DORIAN,Madison (County)
3419,EM,2019-08-30 00:00:00+00:00,HURRICANE DORIAN,Lafayette (County)
3419,EM,2019-08-30 00:00:00+00:00,HURRICANE DORIAN,Hamilton (County)
3419,EM,2019-08-30 00:00:00+00:00,HURRICANE DORIAN,Highlands (County)
3419,EM,2019-08-30 00:00:00+00:00,HURRICANE DORIAN,Alachua (County)
3419,EM,2019-08-30 00:00:00+00:00,HURRICANE DORIAN,Bradford (County)
3419,EM,2019-08-30 00:00:00+00:00,HURRICANE DORIAN,Indian River (County)
3419,EM,2019-08-30 00:00:00+00:00,HURRICANE DORIAN,Gilchrist (County)
3419,EM,2019-08-30 00:00:00+00:00,HURRICANE DORIAN,Collier (County)
3419,EM,2019-08-30 00:00:00+00:00,HURRICANE DORIAN,Pinellas (County)
3419,EM,2019-08-30 00:00:00+00:00,HURRICANE DORIAN,Holmes (County)
3419,EM,2019-08-30 00:00:00+00:00,HURRICANE DORIAN,Gadsden (County)
3419,EM,2019-08-30 00:00:00+00:00,HURRICANE DORIAN,Clay (County)
3419,EM,2019-08-30 00:00:00+00:00,HURRICANE DORIAN,Polk (County)
3419,EM,2019-08-30 00:00:00+00:00,HURRICANE DORIAN,Citrus (County)
3419,EM,2019-08-30 00:00:00+00:00,HURRICANE DORIAN,DeSoto (County)
3419,EM,2019-08-30 00:00:00+00:00,HURRICANE DORIAN,Hillsborough (County)
3419,EM,2019-08-30 00:00:00+00:00,HURRICANE DORIAN,Franklin (County)
3419,EM,2019-08-30 00:00:00+00:00,HURRICANE DORIAN,Wakulla (County)
3419,EM,2019-08-30 00:00:00+00:00,HURRICANE DORIAN,St. Lucie (County)
3419,EM,2019-08-30 00:00:00+00:00,HURRICANE DORIAN,Okeechobee (County)
3419,EM,2019-08-30 00:00:00+00:00,HURRICANE DORIAN,Manatee (County)
3419,EM,2019-08-30 00:00:00+00:00,HURRICANE DORIAN,Lake (County)
3419,EM,2019-08-30 00:00:00+00:00,HURRICANE DORIAN,Charlotte (County)
3419,EM,2019-08-30 00:00:00+00:00,HURRICANE DORIAN,Hardee (County)
3419,EM,2019-08-30 00:00:00+00:00,HURRICANE DORIAN,Hendry (County)
3419,EM,2019-08-30 00:00:00+00:00,HURRICANE DORIAN,Miami-Dade (County)
3419,EM,2019-08-30 00:00:00+00:00,HURRICANE DORIAN,Pasco (County)
3419,EM,2019-08-30 00:00:00+00:00,HURRICANE DORIAN,Brevard (County)
3419,EM,2019-08-30 00:00:00+00:00,HURRICANE DORIAN,Sumter (County)
3419,EM,2019-08-30 00:00:00+00:00,HURRICANE DORIAN,Dixie (County)
3420,EM,2019-08-31 00:00:00+00:00,HURRICANE DORIAN,Brighton Indian Reservation
3420,EM,2019-08-31 00:00:00+00:00,HURRICANE DORIAN,Hollywood Indian Reservation
3420,EM,2019-08-31 00:00:00+00:00,HURRICANE DORIAN,Tampa Reservation
3420,EM,2019-08-31 00:00:00+00:00,HURRICANE DORIAN,Immokalee Indian Reservation
3420,EM,2019-08-31 00:00:00+00:00,HURRICANE DORIAN,Fort Pierce Indian Reservation
3420,EM,2019-08-31 00:00:00+00:00,HURRICANE DORIAN,Big Cypress Indian Reservation
4468,DR,2019-10-21 00:00:00+00:00,HURRICANE DORIAN,Broward (County)
4468,DR,2019-10-21 00:00:00+00:00,HURRICANE DORIAN,Nassau (County)
4468,DR,2019-10-21 00:00:00+00:00,HURRICANE DORIAN,Palm Beach (County)
4468,DR,2019-10-21 00:00:00+00:00,HURRICANE DORIAN,Osceola (County)
4468,DR,2019-10-21 00:00:00+00:00,HURRICANE DORIAN,Flagler (County)
4468,DR,2019-10-21 00:00:00+00:00,HURRICANE DORIAN,Volusia (County)
4468,DR,2019-10-21 00:00:00+00:00,HURRICANE DORIAN,Duval (County)
4468,DR,2019-10-21 00:00:00+00:00,HURRICANE DORIAN,St. Lucie (County)
4468,DR,2019-10-21 00:00:00+00:00,HURRICANE DORIAN,Putnam (County)
4468,DR,2019-10-21 00:00:00+00:00,HURRICANE DORIAN,Brevard (County)
4468,DR,2019-10-21 00:00:00+00:00,HURRICANE DORIAN,Martin (County)
4468,DR,2019-10-21 00:00:00+00:00,HURRICANE DORIAN,Indian River (County)
4468,DR,2019-10-21 00:00:00+00:00,HURRICANE DORIAN,St. Johns (County)
4468,DR,2019-10-21 00:00:00+00:00,HURRICANE DORIAN,Seminole (County)
3533,EM,2020-08-01 00:00:00+00:00,HURRICANE ISAIAS,St. Johns (County)
3533,EM,2020-08-01 00:00:00+00:00,HURRICANE ISAIAS,Seminole (County)
3533,EM,2020-08-01 00:00:00+00:00,HURRICANE ISAIAS,Brevard (County)
3533,EM,2020-08-01 00:00:00+00:00,HURRICANE ISAIAS,Monroe (County)
3533,EM,2020-08-01 00:00:00+00:00,HURRICANE ISAIAS,Putnam (County)
3533,EM,2020-08-01 00:00:00+00:00,HURRICANE ISAIAS,Clay (County)
3533,EM,2020-08-01 00:00:00+00:00,HURRICANE ISAIAS,Orange (County)
3533,EM,2020-08-01 00:00:00+00:00,HURRICANE ISAIAS,Duval (County)
3533,EM,2020-08-01 00:00:00+00:00,HURRICANE ISAIAS,Volusia (County)
3533,EM,2020-08-01 00:00:00+00:00,HURRICANE ISAIAS,Indian River (County)
3533,EM,2020-08-01 00:00:00+00:00,HURRICANE ISAIAS,Okeechobee (County)
3533,EM,2020-08-01 00:00:00+00:00,HURRICANE ISAIAS,Martin (County)
3533,EM,2020-08-01 00:00:00+00:00,HURRICANE ISAIAS,Nassau (County)
3533,EM,2020-08-01 00:00:00+00:00,HURRICANE ISAIAS,Osceola (County)
3533,EM,2020-08-01 00:00:00+00:00,HURRICANE ISAIAS,Miami-Dade (County)
3533,EM,2020-08-01 00:00:00+00:00,HURRICANE ISAIAS,Broward (County)
3533,EM,2020-08-01 00:00:00+00:00,HURRICANE ISAIAS,St. Lucie (County)
3533,EM,2020-08-01 00:00:00+00:00,HURRICANE ISAIAS,Flagler (County)
3533,EM,2020-08-01 00:00:00+00:00,HURRICANE ISAIAS,Palm Beach (County)
3546,EM,2020-09-15 00:00:00+00:00,HURRICANE SALLY,Gulf (County)
3546,EM,2020-09-15 00:00:00+00:00,HURRICANE SALLY,Escambia (County)
3546,EM,2020-09-15 00:00:00+00:00,HURRICANE SALLY,Jackson (County)
3546,EM,2020-09-15 00:00:00+00:00,HURRICANE SALLY,Bay (County)
3546,EM,2020-09-15 00:00:00+00:00,HURRICANE SALLY,Santa Rosa (County)
3546,EM,2020-09-15 00:00:00+00:00,HURRICANE SALLY,Franklin (County)
3546,EM,2020-09-15 00:00:00+00:00,HURRICANE SALLY,Gadsden (County)
3546,EM,2020-09-15 00:00:00+00:00,HURRICANE SALLY,Calhoun (County)
3546,EM,2020-09-15 00:00:00+00:00,HURRICANE SALLY,Okaloosa (County)
3546,EM,2020-09-15 00:00:00+00:00,HURRICANE SALLY,Walton (County)
3546,EM,2020-09-15 00:00:00+00:00,HURRICANE SALLY,Washington (County)
3546,EM,2020-09-15 00:00:00+00:00,HURRICANE SALLY,Holmes (County)
3546,EM,2020-09-15 00:00:00+00:00,HURRICANE SALLY,Liberty (County)
4564,DR,2020-09-23 00:00:00+00:00,HURRICANE SALLY,Calhoun (County)
4564,DR,2020-09-23 00:00:00+00:00,HURRICANE SALLY,Gadsden (County)
4564,DR,2020-09-23 00:00:00+00:00,HURRICANE SALLY,Gulf (County)
4564,DR,2020-09-23 00:00:00+00:00,HURRICANE SALLY,Walton (County)
4564,DR,2020-09-23 00:00:00+00:00,HURRICANE SALLY,Washington (County)
4564,DR,2020-09-23 00:00:00+00:00,HURRICANE SALLY,Holmes (County)
4564,DR,2020-09-23 00:00:00+00:00,HURRICANE SALLY,Jackson (County)
4564,DR,2020-09-23 00:00:00+00:00,HURRICANE SALLY,Escambia (County)
4564,DR,2020-09-23 00:00:00+00:00,HURRICANE SALLY,Franklin (County)
4564,DR,2020-09-23 00:00:00+00:00,HURRICANE SALLY,Jefferson (County)
4564,DR,2020-09-23 00:00:00+00:00,HURRICANE SALLY,Bay (County)
4564,DR,2020-09-23 00:00:00+00:00,HURRICANE SALLY,Liberty (County)
4564,DR,2020-09-23 00:00:00+00:00,HURRICANE SALLY,Santa Rosa (County)
4564,DR,2020-09-23 00:00:00+00:00,HURRICANE SALLY,Okaloosa (County)
3551,EM,2020-11-11 00:00:00+00:00,HURRICANE ETA,Pinellas (County)
3551,EM,2020-11-11 00:00:00+00:00,HURRICANE ETA,Levy (County)
3551,EM,2020-11-11 00:00:00+00:00,HURRICANE ETA,Marion (County)
3551,EM,2020-11-11 00:00:00+00:00,HURRICANE ETA,Pasco (County)
3551,EM,2020-11-11 00:00:00+00:00,HURRICANE ETA,Hillsborough (County)
3551,EM,2020-11-11 00:00:00+00:00,HURRICANE ETA,Manatee (County)
3551,EM,2020-11-11 00:00:00+00:00,HURRICANE ETA,Gilchrist (County)
3551,EM,2020-11-11 00:00:00+00:00,HURRICANE ETA,Sumter (County)
3551,EM,2020-11-11 00:00:00+00:00,HURRICANE ETA,Dixie (County)
3551,EM,2020-11-11 00:00:00+00:00,HURRICANE ETA,Sarasota (County)
3551,EM,2020-11-11 00:00:00+00:00,HURRICANE ETA,Citrus (County)
3551,EM,2020-11-11 00:00:00+00:00,HURRICANE ETA,Alachua (County)
3551,EM,2020-11-11 00:00:00+00:00,HURRICANE ETA,Hernando (County)
3562,EM,2021-08-16 00:00:00+00:00,TROPICAL STORM FRED,Holmes (County)
3562,EM,2021-08-16 00:00:00+00:00,TROPICAL STORM FRED,Escambia (County)
3562,EM,2021-08-16 00:00:00+00:00,TROPICAL STORM FRED,Jefferson (County)
3562,EM,2021-08-16 00:00:00+00:00,TROPICAL STORM FRED,Walton (County)
3562,EM,2021-08-16 00:00:00+00:00,TROPICAL STORM FRED,Gilchrist (County)
3562,EM,2021-08-16 00:00:00+00:00,TROPICAL STORM FRED,Liberty (County)
3562,EM,2021-08-16 00:00:00+00:00,TROPICAL STORM FRED,Okaloosa (County)
3562,EM,2021-08-16 00:00:00+00:00,TROPICAL STORM FRED,Manatee (County)
3562,EM,2021-08-16 00:00:00+00:00,TROPICAL STORM FRED,Taylor (County)
3562,EM,2021-08-16 00:00:00+00:00,TROPICAL STORM FRED,Leon (County)
3562,EM,2021-08-16 00:00:00+00:00,TROPICAL STORM FRED,Franklin (County)
3562,EM,2021-08-16 00:00:00+00:00,TROPICAL STORM FRED,Wakulla (County)
3562,EM,2021-08-16 00:00:00+00:00,TROPICAL STORM FRED,Jackson (County)
3562,EM,2021-08-16 00:00:00+00:00,TROPICAL STORM FRED,Calhoun (County)
3562,EM,2021-08-16 00:00:00+00:00,TROPICAL STORM FRED,Washington (County)
3562,EM,2021-08-16 00:00:00+00:00,TROPICAL STORM FRED,Lafayette (County)
3562,EM,2021-08-16 00:00:00+00:00,TROPICAL STORM FRED,Citrus (County)
3562,EM,2021-08-16 00:00:00+00:00,TROPICAL STORM FRED,Santa Rosa (County)
3562,EM,2021-08-16 00:00:00+00:00,TROPICAL STORM FRED,Gadsden (County)
3562,EM,2021-08-16 00:00:00+00:00,TROPICAL STORM FRED,Gulf (County)
3562,EM,2021-08-16 00:00:00+00:00,TROPICAL STORM FRED,Bay (County)
3562,EM,2021-08-16 00:00:00+00:00,TROPICAL STORM FRED,Dixie (County)
3562,EM,2021-08-16 00:00:00+00:00,TROPICAL STORM FRED,Levy (County)
3584,EM,2022-09-24 00:00:00+00:00,TROPICAL STORM IAN,Sumter (County)
3584,EM,2022-09-24 00:00:00+00:00,TROPICAL STORM IAN,Okeechobee (County)
3584,EM,2022-09-24 00:00:00+00:00,TROPICAL STORM IAN,Jackson (County)
3584,EM,2022-09-24 00:00:00+00:00,TROPICAL STORM IAN,Martin (County)
3584,EM,2022-09-24 00:00:00+00:00,TROPICAL STORM IAN,Seminole (County)
3584,EM,2022-09-24 00:00:00+00:00,TROPICAL STORM IAN,Calhoun (County)
3584,EM,2022-09-24 00:00:00+00:00,TROPICAL STORM IAN,St. Johns (County)
3584,EM,2022-09-24 00:00:00+00:00,TROPICAL STORM IAN,Madison (County)
3584,EM,2022-09-24 00:00:00+00:00,TROPICAL STORM IAN,Miccosukee Indian Reservation
3584,EM,2022-09-24 00:00:00+00:00,TROPICAL STORM IAN,Collier (County)
3584,EM,2022-09-24 00:00:00+00:00,TROPICAL STORM IAN,Osceola (County)
3584,EM,2022-09-24 00:00:00+00:00,TROPICAL STORM IAN,Pinellas (County)
3584,EM,2022-09-24 00:00:00+00:00,TROPICAL STORM IAN,Nassau (County)
3584,EM,2022-09-24 00:00:00+00:00,TROPICAL STORM IAN,Lake (County)
3584,EM,2022-09-24 00:00:00+00:00,TROPICAL STORM IAN,Escambia (County)
3584,EM,2022-09-24 00:00:00+00:00,TROPICAL STORM IAN,Brevard (County)
3584,EM,2022-09-24 00:00:00+00:00,TROPICAL STORM IAN,Flagler (County)
3584,EM,2022-09-24 00:00:00+00:00,TROPICAL STORM IAN,Hardee (County)
3584,EM,2022-09-24 00:00:00+00:00,TROPICAL STORM IAN,Franklin (County)
3584,EM,2022-09-24 00:00:00+00:00,TROPICAL STORM IAN,Hendry (County)
3584,EM,2022-09-24 00:00:00+00:00,TROPICAL STORM IAN,Okaloosa (County)
3584,EM,2022-09-24 00:00:00+00:00,TROPICAL STORM IAN,Gilchrist (County)
3584,EM,2022-09-24 00:00:00+00:00,TROPICAL STORM IAN,Highlands (County)
3584,EM,2022-09-24 00:00:00+00:00,TROPICAL STORM IAN,Leon (County)
3584,EM,2022-09-24 00:00:00+00:00,TROPICAL STORM IAN,St. Lucie (County)
3584,EM,2022-09-24 00:00:00+00:00,TROPICAL STORM IAN,Gadsden (County)
3584,EM,2022-09-24 00:00:00+00:00,TROPICAL STORM IAN,Hillsborough (County)
3584,EM,2022-09-24 00:00:00+00:00,TROPICAL STORM IAN,Levy (County)
3584,EM,2022-09-24 00:00:00+00:00,TROPICAL STORM IAN,Sarasota (County)
3584,EM,2022-09-24 00:00:00+00:00,TROPICAL STORM IAN,Suwannee (County)
3584,EM,2022-09-24 00:00:00+00:00,TROPICAL STORM IAN,Union (County)
3584,EM,2022-09-24 00:00:00+00:00,TROPICAL STORM IAN,Volusia (County)
3584,EM,2022-09-24 00:00:00+00:00,TROPICAL STORM IAN,Clay (County)
3584,EM,2022-09-24 00:00:00+00:00,TROPICAL STORM IAN,Holmes (County)
3584,EM,2022-09-24 00:00:00+00:00,TROPICAL STORM IAN,Charlotte (County)
3584,EM,2022-09-24 00:00:00+00:00,TROPICAL STORM IAN,Putnam (County)
3584,EM,2022-09-24 00:00:00+00:00,TROPICAL STORM IAN,Orange (County)
3584,EM,2022-09-24 00:00:00+00:00,TROPICAL STORM IAN,Liberty (County)
3584,EM,2022-09-24 00:00:00+00:00,TROPICAL STORM IAN,Baker (County)
3584,EM,2022-09-24 00:00:00+00:00,TROPICAL STORM IAN,Seminole Indian Trust Lands
3584,EM,2022-09-24 00:00:00+00:00,TROPICAL STORM IAN,Washington (County)
3584,EM,2022-09-24 00:00:00+00:00,TROPICAL STORM IAN,Santa Rosa (County)
3584,EM,2022-09-24 00:00:00+00:00,TROPICAL STORM IAN,Manatee (County)
3584,EM,2022-09-24 00:00:00+00:00,TROPICAL STORM IAN,Walton (County)
3584,EM,2022-09-24 00:00:00+00:00,TROPICAL STORM IAN,Jefferson (County)
3584,EM,2022-09-24 00:00:00+00:00,TROPICAL STORM IAN,Columbia (County)
3584,EM,2022-09-24 00:00:00+00:00,TROPICAL STORM IAN,Alachua (County)
3584,EM,2022-09-24 00:00:00+00:00,TROPICAL STORM IAN,Palm Beach (County)
3584,EM,2022-09-24 00:00:00+00:00,TROPICAL STORM IAN,Lee (County)
3584,EM,2022-09-24 00:00:00+00:00,TROPICAL STORM IAN,Hernando (County)
3584,EM,2022-09-24 00:00:00+00:00,TROPICAL STORM IAN,Broward (County)
3584,EM,2022-09-24 00:00:00+00:00,TROPICAL STORM IAN,Wakulla (County)
3584,EM,2022-09-24 00:00:00+00:00,TROPICAL STORM IAN,Polk (County)
3584,EM,2022-09-24 00:00:00+00:00,TROPICAL STORM IAN,Marion (County)
3584,EM,2022-09-24 00:00:00+00:00,TROPICAL STORM IAN,Gulf (County)
3584,EM,2022-09-24 00:00:00+00:00,TROPICAL STORM IAN,Bradford (County)
3584,EM,2022-09-24 00:00:00+00:00,TROPICAL STORM IAN,Indian River (County)
3584,EM,2022-09-24 00:00:00+00:00,TROPICAL STORM IAN,Hamilton (County)
3584,EM,2022-09-24 00:00:00+00:00,TROPICAL STORM IAN,Monroe (County)
3584,EM,2022-09-24 00:00:00+00:00,TROPICAL STORM IAN,Miami-Dade (County)
3584,EM,2022-09-24 00:00:00+00:00,TROPICAL STORM IAN,Citrus (County)
3584,EM,2022-09-24 00:00:00+00:00,TROPICAL STORM IAN,DeSoto (County)
3584,EM,2022-09-24 00:00:00+00:00,TROPICAL STORM IAN,Duval (County)
3584,EM,2022-09-24 00:00:00+00:00,TROPICAL STORM IAN,Bay (County)
3584,EM,2022-09-24 00:00:00+00:00,TROPICAL STORM IAN,Dixie (County)
3584,EM,2022-09-24 00:00:00+00:00,TROPICAL STORM IAN,Glades (County)
3584,EM,2022-09-24 00:00:00+00:00,TROPICAL STORM IAN,Taylor (County)
3584,EM,2022-09-24 00:00:00+00:00,TROPICAL STORM IAN,Lafayette (County)
3584,EM,2022-09-24 00:00:00+00:00,TROPICAL STORM IAN,Pasco (County)
4673,DR,2022-09-29 00:00:00+00:00,HURRICANE IAN,Jefferson (County)
4673,DR,2022-09-29 00:00:00+00:00,HURRICANE IAN,Sumter (County)
4673,DR,2022-09-29 00:00:00+00:00,HURRICANE IAN,Gilchrist (County)
4673,DR,2022-09-29 00:00:00+00:00,HURRICANE IAN,Clay (County)
4673,DR,2022-09-29 00:00:00+00:00,HURRICANE IAN,Poarch Creek Reservation and Trust Lands (also AL)
4673,DR,2022-09-29 00:00:00+00:00,HURRICANE IAN,Okeechobee (County)
4673,DR,2022-09-29 00:00:00+00:00,HURRICANE IAN,Holmes (County)
4673,DR,2022-09-29 00:00:00+00:00,HURRICANE IAN,Hernando (County)
4673,DR,2022-09-29 00:00:00+00:00,HURRICANE IAN,Seminole Indian Trust Lands
4673,DR,2022-09-29 00:00:00+00:00,HURRICANE IAN,Seminole (County)
4673,DR,2022-09-29 00:00:00+00:00,HURRICANE IAN,Franklin (County)
4673,DR,2022-09-29 00:00:00+00:00,HURRICANE IAN,Calhoun (County)
4673,DR,2022-09-29 00:00:00+00:00,HURRICANE IAN,Okaloosa (County)
4673,DR,2022-09-29 00:00:00+00:00,HURRICANE IAN,Madison (County)
4673,DR,2022-09-29 00:00:00+00:00,HURRICANE IAN,Hollywood Indian Reservation
4673,DR,2022-09-29 00:00:00+00:00,HURRICANE IAN,Glades (County)
4673,DR,2022-09-29 00:00:00+00:00,HURRICANE IAN,Tampa Reservation
4673,DR,2022-09-29 00:00:00+00:00,HURRICANE IAN,Sarasota (County)
4673,DR,2022-09-29 00:00:00+00:00,HURRICANE IAN,Suwannee (County)
4673,DR,2022-09-29 00:00:00+00:00,HURRICANE IAN,Manatee (County)
4673,DR,2022-09-29 00:00:00+00:00,HURRICANE IAN,Highlands (County)
4673,DR,2022-09-29 00:00:00+00:00,HURRICANE IAN,Charlotte (County)
4673,DR,2022-09-29 00:00:00+00:00,HURRICANE IAN,Lake (County)
4673,DR,2022-09-29 00:00:00+00:00,HURRICANE IAN,Collier (County)
4673,DR,2022-09-29 00:00:00+00:00,HURRICANE IAN,Lafayette (County)
4673,DR,2022-09-29 00:00:00+00:00,HURRICANE IAN,Hardee (County)
4673,DR,2022-09-29 00:00:00+00:00,HURRICANE IAN,Wakulla (County)
4673,DR,2022-09-29 00:00:00+00:00,HURRICANE IAN,Miami-Dade (County)
4673,DR,2022-09-29 00:00:00+00:00,HURRICANE IAN,Baker (County)
4673,DR,2022-09-29 00:00:00+00:00,HURRICANE IAN,Broward (County)
4673,DR,2022-09-29 00:00:00+00:00,HURRICANE IAN,Hamilton (County)
4673,DR,2022-09-29 00:00:00+00:00,HURRICANE IAN,Gulf (County)
4673,DR,2022-09-29 00:00:00+00:00,HURRICANE IAN,Alachua (County)
4673,DR,2022-09-29 00:00:00+00:00,HURRICANE IAN,Palm Beach (County)
4673,DR,2022-09-29 00:00:00+00:00,HURRICANE IAN,Taylor (County)
4673,DR,2022-09-29 00:00:00+00:00,HURRICANE IAN,Bradford (County)
4673,DR,2022-09-29 00:00:00+00:00,HURRICANE IAN,Polk (County)
4673,DR,2022-09-29 00:00:00+00:00,HURRICANE IAN,St. Lucie (County)
4673,DR,2022-09-29 00:00:00+00:00,HURRICANE IAN,Indian River (County)
4673,DR,2022-09-29 00:00:00+00:00,HURRICANE IAN,Big Cypress Indian Reservation
4673,DR,2022-09-29 00:00:00+00:00,HURRICANE IAN,Gadsden (County)
4673,DR,2022-09-29 00:00:00+00:00,HURRICANE IAN,Leon (County)
4673,DR,2022-09-29 00:00:00+00:00,HURRICANE IAN,Santa Rosa (County)
4673,DR,2022-09-29 00:00:00+00:00,HURRICANE IAN,Levy (County)
4673,DR,2022-09-29 00:00:00+00:00,HURRICANE IAN,Volusia (County)
4673,DR,2022-09-29 00:00:00+00:00,HURRICANE IAN,Flagler (County)
4673,DR,2022-09-29 00:00:00+00:00,HURRICANE IAN,Liberty (County)
4673,DR,2022-09-29 00:00:00+00:00,HURRICANE IAN,Osceola (County)
4673,DR,2022-09-29 00:00:00+00:00,HURRICANE IAN,Marion (County)
4673,DR,2022-09-29 00:00:00+00:00,HURRICANE IAN,Monroe (County)
4673,DR,2022-09-29 00:00:00+00:00,HURRICANE IAN,Walton (County)
4673,DR,2022-09-29 00:00:00+00:00,HURRICANE IAN,Nassau (County)
4673,DR,2022-09-29 00:00:00+00:00,HURRICANE IAN,Brevard (County)
4673,DR,2022-09-29 00:00:00+00:00,HURRICANE IAN,Pasco (County)
4673,DR,2022-09-29 00:00:00+00:00,HURRICANE IAN,Escambia (County)
4673,DR,2022-09-29 00:00:00+00:00,HURRICANE IAN,Jackson (County)
4673,DR,2022-09-29 00:00:00+00:00,HURRICANE IAN,Hendry (County)
4673,DR,2022-09-29 00:00:00+00:00,HURRICANE IAN,Brighton Indian Reservation
4673,DR,2022-09-29 00:00:00+00:00,HURRICANE IAN,Miccosukee Indian Reservation
4673,DR,2022-09-29 00:00:00+00:00,HURRICANE IAN,Immokalee Indian Reservation
4673,DR,2022-09-29 00:00:00+00:00,HURRICANE IAN,Fort Pierce Indian Reservation
4673,DR,2022-09-29 00:00:00+00:00,HURRICANE IAN,Bay (County)
4673,DR,2022-09-29 00:00:00+00:00,HURRICANE IAN,Dixie (County)
4673,DR,2022-09-29 00:00:00+00:00,HURRICANE IAN,Citrus (County)
4673,DR,2022-09-29 00:00:00+00:00,HURRICANE IAN,Lee (County)
4673,DR,2022-09-29 00:00:00+00:00,HURRICANE IAN,Union (County)
4673,DR,2022-09-29 00:00:00+00:00,HURRICANE IAN,Pinellas (County)
4673,DR,2022-09-29 00:00:00+00:00,HURRICANE IAN,Martin (County)
4673,DR,2022-09-29 00:00:00+00:00,HURRICANE IAN,Florida Tribe of Eastern Creek (TDSA)
4673,DR,2022-09-29 00:00:00+00:00,HURRICANE IAN,St. Johns (County)
4673,DR,2022-09-29 00:00:00+00:00,HURRICANE IAN,Duval (County)
4673,DR,2022-09-29 00:00:00+00:00,HURRICANE IAN,Washington (County)
4673,DR,2022-09-29 00:00:00+00:00,HURRICANE IAN,Orange (County)
4673,DR,2022-09-29 00:00:00+00:00,HURRICANE IAN,Putnam (County)
4673,DR,2022-09-29 00:00:00+00:00,HURRICANE IAN,Columbia (County)
4673,DR,2022-09-29 00:00:00+00:00,HURRICANE IAN,DeSoto (County)
4673,DR,2022-09-29 00:00:00+00:00,HURRICANE IAN,Hillsborough (County)
4675,DR,2022-09-30 00:00:00+00:00,HURRICANE IAN - SEMINOLE TRIBE OF FLORIDA,Big Cypress Indian Reservation
4675,DR,2022-09-30 00:00:00+00:00,HURRICANE IAN - SEMINOLE TRIBE OF FLORIDA,Brighton Indian Reservation
4675,DR,2022-09-30 00:00:00+00:00,HURRICANE IAN - SEMINOLE TRIBE OF FLORIDA,Fort Pierce Indian Reservation
4675,DR,2022-09-30 00:00:00+00:00,HURRICANE IAN - SEMINOLE TRIBE OF FLORIDA,Hollywood Indian Reservation
4675,DR,2022-09-30 00:00:00+00:00,HURRICANE IAN - SEMINOLE TRIBE OF FLORIDA,Immokalee Indian Reservation
4675,DR,2022-09-30 00:00:00+00:00,HURRICANE IAN - SEMINOLE TRIBE OF FLORIDA,Tampa Reservation
4675,DR,2022-09-30 00:00:00+00:00,HURRICANE IAN,Seminole Indian Trust Lands
4680,DR,2022-12-13 00:00:00+00:00,HURRICANE NICOLE,Hendry (County)
4680,DR,2022-12-13 00:00:00+00:00,HURRICANE NICOLE,Hernando (County)
4680,DR,2022-12-13 00:00:00+00:00,HURRICANE NICOLE,Bradford (County)
4680,DR,2022-12-13 00:00:00+00:00,HURRICANE NICOLE,Dixie (County)
4680,DR,2022-12-13 00:00:00+00:00,HURRICANE NICOLE,Franklin (County)
4680,DR,2022-12-13 00:00:00+00:00,HURRICANE NICOLE,Leon (County)
4680,DR,2022-12-13 00:00:00+00:00,HURRICANE NICOLE,Okeechobee (County)
4680,DR,2022-12-13 00:00:00+00:00,HURRICANE NICOLE,Sarasota (County)
4680,DR,2022-12-13 00:00:00+00:00,HURRICANE NICOLE,Sumter (County)
4680,DR,2022-12-13 00:00:00+00:00,HURRICANE NICOLE,Union (County)
4680,DR,2022-12-13 00:00:00+00:00,HURRICANE NICOLE,Broward (County)
4680,DR,2022-12-13 00:00:00+00:00,HURRICANE NICOLE,Highlands (County)
4680,DR,2022-12-13 00:00:00+00:00,HURRICANE NICOLE,Levy (County)
4680,DR,2022-12-13 00:00:00+00:00,HURRICANE NICOLE,DeSoto (County)
4680,DR,2022-12-13 00:00:00+00:00,HURRICANE NICOLE,Orange (County)
4680,DR,2022-12-13 00:00:00+00:00,HURRICANE NICOLE,Hamilton (County)
4680,DR,2022-12-13 00:00:00+00:00,HURRICANE NICOLE,Jefferson (County)
4680,DR,2022-12-13 00:00:00+00:00,HURRICANE NICOLE,Polk (County)
4680,DR,2022-12-13 00:00:00+00:00,HURRICANE NICOLE,Washington (County)
4680,DR,2022-12-13 00:00:00+00:00,HURRICANE NICOLE,Charlotte (County)
4680,DR,2022-12-13 00:00:00+00:00,HURRICANE NICOLE,Hardee (County)
4680,DR,2022-12-13 00:00:00+00:00,HURRICANE NICOLE,Lee (County)
4680,DR,2022-12-13 00:00:00+00:00,HURRICANE NICOLE,Citrus (County)
4680,DR,2022-12-13 00:00:00+00:00,HURRICANE NICOLE,Gadsden (County)
4680,DR,2022-12-13 00:00:00+00:00,HURRICANE NICOLE,Hillsborough (County)
4680,DR,2022-12-13 00:00:00+00:00,HURRICANE NICOLE,Liberty (County)
4680,DR,2022-12-13 00:00:00+00:00,HURRICANE NICOLE,Osceola (County)
4680,DR,2022-12-13 00:00:00+00:00,HURRICANE NICOLE,Pasco (County)
4680,DR,2022-12-13 00:00:00+00:00,HURRICANE NICOLE,Calhoun (County)
4680,DR,2022-12-13 00:00:00+00:00,HURRICANE NICOLE,Baker (County)
4680,DR,2022-12-13 00:00:00+00:00,HURRICANE NICOLE,Wakulla (County)
4680,DR,2022-12-13 00:00:00+00:00,HURRICANE NICOLE,Pinellas (County)
4680,DR,2022-12-13 00:00:00+00:00,HURRICANE NICOLE,Martin (County)
4680,DR,2022-12-13 00:00:00+00:00,HURRICANE NICOLE,Volusia (County)
4680,DR,2022-12-13 00:00:00+00:00,HURRICANE NICOLE,Nassau (County)
4680,DR,2022-12-13 00:00:00+00:00,HURRICANE NICOLE,Palm Beach (County)
4680,DR,2022-12-13 00:00:00+00:00,HURRICANE NICOLE,Duval (County)
4680,DR,2022-12-13 00:00:00+00:00,HURRICANE NICOLE,St. Lucie (County)
4680,DR,2022-12-13 00:00:00+00:00,HURRICANE NICOLE,Lake (County)
4680,DR,2022-12-13 00:00:00+00:00,HURRICANE NICOLE,Putnam (County)
4680,DR,2022-12-13 00:00:00+00:00,HURRICANE NICOLE,Brevard (County)
4680,DR,2022-12-13 00:00:00+00:00,HURRICANE NICOLE,Flagler (County)
4680,DR,2022-12-13 00:00:00+00:00,HURRICANE NICOLE,Indian River (County)
4680,DR,2022-12-13 00:00:00+00:00,HURRICANE NICOLE,St. Johns (County)
4680,DR,2022-12-13 00:00:00+00:00,HURRICANE NICOLE,Miccosukee Indian Reservation
4680,DR,2022-12-13 00:00:00+00:00,HURRICANE NICOLE,Clay (County)
4680,DR,2022-12-13 00:00:00+00:00,HURRICANE NICOLE,Gilchrist (County)
4680,DR,2022-12-13 00:00:00+00:00,HURRICANE NICOLE,Holmes (County)
4680,DR,2022-12-13 00:00:00+00:00,HURRICANE NICOLE,Madison (County)
4680,DR,2022-12-13 00:00:00+00:00,HURRICANE NICOLE,Marion (County)
4680,DR,2022-12-13 00:00:00+00:00,HURRICANE NICOLE,Seminole (County)
4680,DR,2022-12-13 00:00:00+00:00,HURRICANE NICOLE,Seminole Indian Trust Lands
4680,DR,2022-12-13 00:00:00+00:00,HURRICANE NICOLE,Collier (County)
4680,DR,2022-12-13 00:00:00+00:00,HURRICANE NICOLE,Glades (County)
4680,DR,2022-12-13 00:00:00+00:00,HURRICANE NICOLE,Manatee (County)
4680,DR,2022-12-13 00:00:00+00:00,HURRICANE NICOLE,Taylor (County)
4680,DR,2022-12-13 00:00:00+00:00,HURRICANE NICOLE,Alachua (County)
4680,DR,2022-12-13 00:00:00+00:00,HURRICANE NICOLE,Columbia (County)
4680,DR,2022-12-13 00:00:00+00:00,HURRICANE NICOLE,Gulf (County)
4680,DR,2022-12-13 00:00:00+00:00,HURRICANE NICOLE,Jackson (County)
4680,DR,2022-12-13 00:00:00+00:00,HURRICANE NICOLE,Lafayette (County)
4680,DR,2022-12-13 00:00:00+00:00,HURRICANE NICOLE,Miami-Dade (County)
4680,DR,2022-12-13 00:00:00+00:00,HURRICANE NICOLE,Suwannee (County)
